<?xml version='1.0' encoding='UTF-8' standalone='no'?>
<doxygen xmlns:xsi="http://www.w3.org/2001/XMLSchema-instance" xsi:noNamespaceSchemaLocation="compound.xsd" version="1.16.1" xml:lang="en-US">
  <compounddef id="_c_make_lists_8txt" kind="file" language="C++">
    <compoundname>CMakeLists.txt</compoundname>
    <sectiondef kind="func">
      <memberdef kind="function" id="_c_make_lists_8txt_1a3fb6fd285087020ace1035c76db90243" prot="public" static="no" const="no" explicit="no" inline="no" virt="non-virtual">
        <type></type>
        <definition>cmake_minimum_required</definition>
        <argsstring>(VERSION 3.16) project(UniversityDB) set(CMAKE_PREFIX_PATH &quot;/Users/egorshestakov/Qt/6.10.1/macos&quot;) set(CMAKE_CXX_STANDARD 17) set(CMAKE_AUTOMOC ON) set(CMAKE_INCLUDE_CURRENT_DIR ON) find_package(Qt6 REQUIRED COMPONENTS Core Quick Sql Widgets) set(SOURCE_FILES main.cpp src/viewmodels/UniversityViewModel.cpp src/models/DatabaseManager.cpp src/models/Teacher.cpp src/models/Student.cpp src/models/Subject.cpp) foreach(file $</argsstring>
        <name>cmake_minimum_required</name>
        <param>
          <type>VERSION 3.</type>
          <declname>16</declname>
        </param>
        <briefdescription>
        </briefdescription>
        <detaileddescription>
        </detaileddescription>
        <inbodydescription>
        </inbodydescription>
        <location file="CMakeLists.txt" line="24" column="1" bodyfile="CMakeLists.txt" bodystart="24" bodyend="52"/>
      </memberdef>
      <memberdef kind="function" id="_c_make_lists_8txt_1a1d194965dcf7c6edaaf5e39a1780945d" prot="public" static="no" const="no" explicit="no" inline="no" virt="non-virtual">
        <type></type>
        <definition>if</definition>
        <argsstring>(NOT EXISTS &quot;${CMAKE_CURRENT_SOURCE_DIR}/${file}&quot;) message(FATAL_ERROR &quot;Файл $</argsstring>
        <name>if</name>
        <param>
          <type>NOT EXISTS &quot;${CMAKE_CURRENT_SOURCE_DIR}/${file}&quot;</type>
        </param>
        <briefdescription>
        </briefdescription>
        <detaileddescription>
        </detaileddescription>
        <inbodydescription>
        </inbodydescription>
        <location file="CMakeLists.txt" line="53" column="5" bodyfile="CMakeLists.txt" bodystart="53" bodyend="54"/>
      </memberdef>
    </sectiondef>
    <briefdescription>
    </briefdescription>
    <detaileddescription>
    </detaileddescription>
    <programlisting>
<codeline lineno="1"><highlight class="preprocessor">##<sp/>@file<sp/>CMakeLists.txt</highlight><highlight class="normal"></highlight></codeline>
<codeline lineno="2"><highlight class="normal"></highlight><highlight class="preprocessor">##<sp/>@brief<sp/>Конфигурационный<sp/>файл<sp/>сборки<sp/>проекта<sp/>UniversityDB</highlight><highlight class="normal"></highlight></codeline>
<codeline lineno="3"><highlight class="normal"></highlight><highlight class="preprocessor">##<sp/></highlight><highlight class="normal"></highlight></codeline>
<codeline lineno="4"><highlight class="normal"></highlight><highlight class="preprocessor">##<sp/>@section<sp/>overview_sec<sp/>Обзор</highlight><highlight class="normal"></highlight></codeline>
<codeline lineno="5"><highlight class="normal"></highlight><highlight class="preprocessor">##<sp/>Этот<sp/>файл<sp/>определяет<sp/>параметры<sp/>сборки<sp/>проекта,<sp/>включая:</highlight><highlight class="normal"></highlight></codeline>
<codeline lineno="6"><highlight class="normal"></highlight><highlight class="preprocessor">##<sp/>-<sp/>Версию<sp/>CMake</highlight><highlight class="normal"></highlight></codeline>
<codeline lineno="7"><highlight class="normal"></highlight><highlight class="preprocessor">##<sp/>-<sp/>Стандарт<sp/>C++</highlight><highlight class="normal"></highlight></codeline>
<codeline lineno="8"><highlight class="normal"></highlight><highlight class="preprocessor">##<sp/>-<sp/>Зависимости<sp/>(Qt6)</highlight><highlight class="normal"></highlight></codeline>
<codeline lineno="9"><highlight class="normal"></highlight><highlight class="preprocessor">##<sp/>-<sp/>Исходные<sp/>файлы</highlight><highlight class="normal"></highlight></codeline>
<codeline lineno="10"><highlight class="normal"></highlight><highlight class="preprocessor">##<sp/>-<sp/>Целевой<sp/>исполняемый<sp/>файл</highlight><highlight class="normal"></highlight></codeline>
<codeline lineno="11"><highlight class="normal"></highlight><highlight class="preprocessor">##<sp/></highlight><highlight class="normal"></highlight></codeline>
<codeline lineno="12"><highlight class="normal"></highlight><highlight class="preprocessor">##<sp/>@section<sp/>deps_sec<sp/>Зависимости</highlight><highlight class="normal"></highlight></codeline>
<codeline lineno="13"><highlight class="normal"></highlight><highlight class="preprocessor">##<sp/>-<sp/>Qt6<sp/>Core,<sp/>Quick,<sp/>Sql,<sp/>Widgets</highlight><highlight class="normal"></highlight></codeline>
<codeline lineno="14"><highlight class="normal"></highlight><highlight class="preprocessor">##<sp/>-<sp/>Компилятор<sp/>с<sp/>поддержкой<sp/>C++17</highlight><highlight class="normal"></highlight></codeline>
<codeline lineno="15"><highlight class="normal"></highlight><highlight class="preprocessor">##<sp/></highlight><highlight class="normal"></highlight></codeline>
<codeline lineno="16"><highlight class="normal"></highlight><highlight class="preprocessor">##<sp/>@section<sp/>usage_sec<sp/>Использование</highlight><highlight class="normal"></highlight></codeline>
<codeline lineno="17"><highlight class="normal"></highlight><highlight class="preprocessor">##<sp/>1.<sp/>mkdir<sp/>build<sp/>&amp;&amp;<sp/>cd<sp/>build</highlight><highlight class="normal"></highlight></codeline>
<codeline lineno="18"><highlight class="normal"></highlight><highlight class="preprocessor">##<sp/>2.<sp/>cmake<sp/>..</highlight><highlight class="normal"></highlight></codeline>
<codeline lineno="19"><highlight class="normal"></highlight><highlight class="preprocessor">##<sp/>3.<sp/>make</highlight><highlight class="normal"></highlight></codeline>
<codeline lineno="20"><highlight class="normal"></highlight><highlight class="preprocessor">##<sp/></highlight><highlight class="normal"></highlight></codeline>
<codeline lineno="21"><highlight class="normal"></highlight><highlight class="preprocessor">##<sp/>@section<sp/>macos_sec<sp/>macOS<sp/>специфика</highlight><highlight class="normal"></highlight></codeline>
<codeline lineno="22"><highlight class="normal"></highlight><highlight class="preprocessor">##<sp/>Для<sp/>macOS<sp/>создается<sp/>.app<sp/>bundle<sp/>с<sp/>идентификатором<sp/>com.university.db</highlight><highlight class="normal"></highlight></codeline>
<codeline lineno="23"><highlight class="normal"></highlight></codeline>
<codeline lineno="24"><highlight class="normal"><ref refid="_c_make_lists_8txt_1a3fb6fd285087020ace1035c76db90243" kindref="member">cmake_minimum_required</ref>(VERSION<sp/>3.16)</highlight></codeline>
<codeline lineno="25"><highlight class="normal"></highlight><highlight class="preprocessor">##<sp/>@brief<sp/>Название<sp/>проекта</highlight><highlight class="normal"></highlight></codeline>
<codeline lineno="26"><highlight class="normal">project(UniversityDB)</highlight></codeline>
<codeline lineno="27"><highlight class="normal"></highlight></codeline>
<codeline lineno="28"><highlight class="normal"></highlight><highlight class="preprocessor">##<sp/>@brief<sp/>Путь<sp/>к<sp/>установленной<sp/>Qt6</highlight><highlight class="normal"></highlight></codeline>
<codeline lineno="29"><highlight class="normal">set(CMAKE_PREFIX_PATH<sp/></highlight><highlight class="stringliteral">&quot;/Users/egorshestakov/Qt/6.10.1/macos&quot;</highlight><highlight class="normal">)</highlight></codeline>
<codeline lineno="30"><highlight class="normal"></highlight></codeline>
<codeline lineno="31"><highlight class="normal"></highlight><highlight class="preprocessor">##<sp/>@brief<sp/>Использовать<sp/>стандарт<sp/>C++17</highlight><highlight class="normal"></highlight></codeline>
<codeline lineno="32"><highlight class="normal">set(CMAKE_CXX_STANDARD<sp/>17)</highlight></codeline>
<codeline lineno="33"><highlight class="normal"></highlight><highlight class="preprocessor">##<sp/>@brief<sp/>Включить<sp/>автоматическую<sp/>генерацию<sp/>MOC<sp/>файлов</highlight><highlight class="normal"></highlight></codeline>
<codeline lineno="34"><highlight class="normal">set(CMAKE_AUTOMOC<sp/>ON)</highlight></codeline>
<codeline lineno="35"><highlight class="normal"></highlight><highlight class="preprocessor">##<sp/>@brief<sp/>Включить<sp/>текущую<sp/>директорию<sp/>в<sp/>список<sp/>include</highlight><highlight class="normal"></highlight></codeline>
<codeline lineno="36"><highlight class="normal">set(CMAKE_INCLUDE_CURRENT_DIR<sp/>ON)</highlight></codeline>
<codeline lineno="37"><highlight class="normal"></highlight></codeline>
<codeline lineno="38"><highlight class="normal"></highlight><highlight class="preprocessor">##<sp/>@brief<sp/>Найти<sp/>и<sp/>подключить<sp/>необходимые<sp/>компоненты<sp/>Qt6</highlight><highlight class="normal"></highlight></codeline>
<codeline lineno="39"><highlight class="normal">find_package(Qt6<sp/>REQUIRED<sp/>COMPONENTS<sp/>Core<sp/>Quick<sp/>Sql<sp/>Widgets)</highlight></codeline>
<codeline lineno="40"><highlight class="normal"></highlight></codeline>
<codeline lineno="41"><highlight class="normal"></highlight><highlight class="preprocessor">##<sp/>@brief<sp/>Список<sp/>исходных<sp/>файлов<sp/>проекта</highlight><highlight class="normal"></highlight></codeline>
<codeline lineno="42"><highlight class="normal">set(SOURCE_FILES</highlight></codeline>
<codeline lineno="43"><highlight class="normal"><sp/><sp/><sp/><sp/><ref refid="main_8cpp_1a0ddf1224851353fc92bfbff6f499fa97" kindref="member">main</ref>.cpp</highlight></codeline>
<codeline lineno="44"><highlight class="normal"><sp/><sp/><sp/><sp/>src/viewmodels/<ref refid="class_university_view_model" kindref="compound">UniversityViewModel</ref>.cpp</highlight></codeline>
<codeline lineno="45"><highlight class="normal"><sp/><sp/><sp/><sp/>src/models/<ref refid="class_database_manager" kindref="compound">DatabaseManager</ref>.cpp</highlight></codeline>
<codeline lineno="46"><highlight class="normal"><sp/><sp/><sp/><sp/>src/models/<ref refid="class_teacher" kindref="compound">Teacher</ref>.cpp</highlight></codeline>
<codeline lineno="47"><highlight class="normal"><sp/><sp/><sp/><sp/>src/models/<ref refid="class_student" kindref="compound">Student</ref>.cpp</highlight></codeline>
<codeline lineno="48"><highlight class="normal"><sp/><sp/><sp/><sp/>src/models/<ref refid="class_subject" kindref="compound">Subject</ref>.cpp</highlight></codeline>
<codeline lineno="49"><highlight class="normal">)</highlight></codeline>
<codeline lineno="50"><highlight class="normal"></highlight></codeline>
<codeline lineno="51"><highlight class="normal"></highlight><highlight class="preprocessor">##<sp/>@brief<sp/>Проверка<sp/>существования<sp/>исходных<sp/>файлов</highlight><highlight class="normal"></highlight></codeline>
<codeline lineno="52"><highlight class="normal"></highlight><highlight class="keywordflow">foreach</highlight><highlight class="normal">(file<sp/>${SOURCE_FILES})</highlight></codeline>
<codeline lineno="53"><highlight class="normal"><sp/><sp/><sp/><sp/></highlight><highlight class="keywordflow">if</highlight><highlight class="normal">(NOT<sp/>EXISTS<sp/></highlight><highlight class="stringliteral">&quot;${CMAKE_CURRENT_SOURCE_DIR}/${file}&quot;</highlight><highlight class="normal">)</highlight></codeline>
<codeline lineno="54"><highlight class="normal"><sp/><sp/><sp/><sp/><sp/><sp/><sp/><sp/>message(FATAL_ERROR<sp/></highlight><highlight class="stringliteral">&quot;Файл<sp/>${file}<sp/>не<sp/>найден<sp/>в<sp/>${CMAKE_CURRENT_SOURCE_DIR}&quot;</highlight><highlight class="normal">)</highlight></codeline>
<codeline lineno="55"><highlight class="normal"><sp/><sp/><sp/><sp/></highlight><highlight class="keywordflow">else</highlight><highlight class="normal">()</highlight></codeline>
<codeline lineno="56"><highlight class="normal"><sp/><sp/><sp/><sp/><sp/><sp/><sp/><sp/>message(STATUS<sp/></highlight><highlight class="stringliteral">&quot;✓<sp/>Файл<sp/>${file}<sp/>найден&quot;</highlight><highlight class="normal">)</highlight></codeline>
<codeline lineno="57"><highlight class="normal"><sp/><sp/><sp/><sp/>endif()</highlight></codeline>
<codeline lineno="58"><highlight class="normal">endforeach()</highlight></codeline>
<codeline lineno="59"><highlight class="normal"></highlight></codeline>
<codeline lineno="60"><highlight class="normal"></highlight><highlight class="preprocessor">##<sp/>@brief<sp/>Создать<sp/>исполняемый<sp/>файл</highlight><highlight class="normal"></highlight></codeline>
<codeline lineno="61"><highlight class="normal">add_executable(university_db<sp/>${SOURCE_FILES})</highlight></codeline>
<codeline lineno="62"><highlight class="normal"></highlight></codeline>
<codeline lineno="63"><highlight class="normal">##<sp/>@brief<sp/>Установить<sp/>директории<sp/>для<sp/>поиска<sp/>заголовочных<sp/>файлов</highlight></codeline>
<codeline lineno="64"><highlight class="normal">target_include_directories(university_db<sp/>PRIVATE</highlight></codeline>
<codeline lineno="65"><highlight class="normal"><sp/><sp/><sp/><sp/>${CMAKE_CURRENT_SOURCE_DIR}</highlight></codeline>
<codeline lineno="66"><highlight class="normal"><sp/><sp/><sp/><sp/>${CMAKE_CURRENT_SOURCE_DIR}/src</highlight></codeline>
<codeline lineno="67"><highlight class="normal"><sp/><sp/><sp/><sp/>${CMAKE_CURRENT_SOURCE_DIR}/src/models</highlight></codeline>
<codeline lineno="68"><highlight class="normal"><sp/><sp/><sp/><sp/>${CMAKE_CURRENT_SOURCE_DIR}/src/viewmodels</highlight></codeline>
<codeline lineno="69"><highlight class="normal">)</highlight></codeline>
<codeline lineno="70"><highlight class="normal"></highlight></codeline>
<codeline lineno="71"><highlight class="normal">##<sp/>@brief<sp/>Копировать<sp/>QML<sp/>файл<sp/>в<sp/>директорию<sp/>сборки</highlight></codeline>
<codeline lineno="72"><highlight class="normal"></highlight><highlight class="keywordflow">if</highlight><highlight class="normal">(EXISTS<sp/></highlight><highlight class="stringliteral">&quot;${CMAKE_CURRENT_SOURCE_DIR}/main.qml&quot;</highlight><highlight class="normal">)</highlight></codeline>
<codeline lineno="73"><highlight class="normal"><sp/><sp/><sp/><sp/>configure_file(</highlight><highlight class="stringliteral">&quot;${CMAKE_CURRENT_SOURCE_DIR}/main.qml&quot;</highlight><highlight class="normal"><sp/></highlight></codeline>
<codeline lineno="74"><highlight class="normal"><sp/><sp/><sp/><sp/><sp/><sp/><sp/><sp/><sp/><sp/><sp/><sp/><sp/><sp/><sp/><sp/><sp/><sp/><sp/></highlight><highlight class="stringliteral">&quot;${CMAKE_CURRENT_BINARY_DIR}/main.qml&quot;</highlight><highlight class="normal"><sp/>COPYONLY)</highlight></codeline>
<codeline lineno="75"><highlight class="normal"><sp/><sp/><sp/><sp/>message(STATUS<sp/></highlight><highlight class="stringliteral">&quot;✓<sp/>main.qml<sp/>скопирован&quot;</highlight><highlight class="normal">)</highlight></codeline>
<codeline lineno="76"><highlight class="normal">endif()</highlight></codeline>
<codeline lineno="77"><highlight class="normal"></highlight></codeline>
<codeline lineno="78"><highlight class="normal"></highlight><highlight class="preprocessor">##<sp/>@brief<sp/>Подключить<sp/>необходимые<sp/>библиотеки<sp/>Qt</highlight><highlight class="normal"></highlight></codeline>
<codeline lineno="79"><highlight class="normal">target_link_libraries(university_db<sp/>PRIVATE</highlight></codeline>
<codeline lineno="80"><highlight class="normal"><sp/><sp/><sp/><sp/>Qt6::Core</highlight></codeline>
<codeline lineno="81"><highlight class="normal"><sp/><sp/><sp/><sp/>Qt6::Quick</highlight></codeline>
<codeline lineno="82"><highlight class="normal"><sp/><sp/><sp/><sp/>Qt6::Widgets</highlight></codeline>
<codeline lineno="83"><highlight class="normal"><sp/><sp/><sp/><sp/>Qt6::Sql</highlight></codeline>
<codeline lineno="84"><highlight class="normal">)</highlight></codeline>
<codeline lineno="85"><highlight class="normal"></highlight></codeline>
<codeline lineno="86"><highlight class="normal"></highlight><highlight class="preprocessor">##<sp/>@brief<sp/>Настройки<sp/>для<sp/>macOS</highlight><highlight class="normal"></highlight></codeline>
<codeline lineno="87"><highlight class="normal"></highlight><highlight class="keywordflow">if</highlight><highlight class="normal">(APPLE)</highlight></codeline>
<codeline lineno="88"><highlight class="normal"><sp/><sp/><sp/><sp/>set_target_properties(university_db<sp/>PROPERTIES</highlight></codeline>
<codeline lineno="89"><highlight class="normal"><sp/><sp/><sp/><sp/><sp/><sp/><sp/><sp/>MACOSX_BUNDLE<sp/>TRUE</highlight></codeline>
<codeline lineno="90"><highlight class="normal"><sp/><sp/><sp/><sp/><sp/><sp/><sp/><sp/>MACOSX_BUNDLE_GUI_IDENTIFIER<sp/></highlight><highlight class="stringliteral">&quot;com.university.db&quot;</highlight><highlight class="normal"></highlight></codeline>
<codeline lineno="91"><highlight class="normal"><sp/><sp/><sp/><sp/><sp/><sp/><sp/><sp/>MACOSX_BUNDLE_BUNDLE_NAME<sp/></highlight><highlight class="stringliteral">&quot;UniversityDB&quot;</highlight><highlight class="normal"></highlight></codeline>
<codeline lineno="92"><highlight class="normal"><sp/><sp/><sp/><sp/>)</highlight></codeline>
<codeline lineno="93"><highlight class="normal">endif()</highlight></codeline>
    </programlisting>
    <location file="CMakeLists.txt"/>
  </compounddef>
</doxygen>
