<?xml version='1.0' encoding='UTF-8' standalone='no'?>
<doxygen xmlns:xsi="http://www.w3.org/2001/XMLSchema-instance" xsi:noNamespaceSchemaLocation="compound.xsd" version="1.16.1" xml:lang="en-US">
  <compounddef id="_database_manager_8h" kind="file" language="C++">
    <compoundname>DatabaseManager.h</compoundname>
    <includes local="no">QObject</includes>
    <includes local="no">QSqlDatabase</includes>
    <includes local="no">QSqlQuery</includes>
    <includes local="no">QString</includes>
    <includes local="no">QList</includes>
    <includes refid="_teacher_8h" local="yes">Teacher.h</includes>
    <includes refid="_student_8h" local="yes">Student.h</includes>
    <includes refid="_subject_8h" local="yes">Subject.h</includes>
    <includedby refid="_database_manager_8cpp" local="yes">src/models/DatabaseManager.cpp</includedby>
    <includedby refid="_university_view_model_8h" local="yes">src/viewmodels/UniversityViewModel.h</includedby>
    <incdepgraph>
      <node id="1">
        <label>src/models/DatabaseManager.h</label>
        <link refid="_database_manager_8h"/>
        <childnode refid="2" relation="include">
        </childnode>
        <childnode refid="3" relation="include">
        </childnode>
        <childnode refid="4" relation="include">
        </childnode>
        <childnode refid="5" relation="include">
        </childnode>
        <childnode refid="6" relation="include">
        </childnode>
        <childnode refid="7" relation="include">
        </childnode>
        <childnode refid="8" relation="include">
        </childnode>
        <childnode refid="9" relation="include">
        </childnode>
      </node>
      <node id="8">
        <label>Student.h</label>
        <link refid="_student_8h"/>
        <childnode refid="2" relation="include">
        </childnode>
        <childnode refid="5" relation="include">
        </childnode>
      </node>
      <node id="9">
        <label>Subject.h</label>
        <link refid="_subject_8h"/>
        <childnode refid="2" relation="include">
        </childnode>
        <childnode refid="5" relation="include">
        </childnode>
      </node>
      <node id="7">
        <label>Teacher.h</label>
        <link refid="_teacher_8h"/>
        <childnode refid="2" relation="include">
        </childnode>
        <childnode refid="5" relation="include">
        </childnode>
      </node>
      <node id="6">
        <label>QList</label>
      </node>
      <node id="2">
        <label>QObject</label>
      </node>
      <node id="3">
        <label>QSqlDatabase</label>
      </node>
      <node id="4">
        <label>QSqlQuery</label>
      </node>
      <node id="5">
        <label>QString</label>
      </node>
    </incdepgraph>
    <invincdepgraph>
      <node id="4">
        <label>main.cpp</label>
        <link refid="main_8cpp"/>
      </node>
      <node id="2">
        <label>src/models/DatabaseManager.cpp</label>
        <link refid="_database_manager_8cpp"/>
      </node>
      <node id="1">
        <label>src/models/DatabaseManager.h</label>
        <link refid="_database_manager_8h"/>
        <childnode refid="2" relation="include">
        </childnode>
        <childnode refid="3" relation="include">
        </childnode>
      </node>
      <node id="5">
        <label>src/viewmodels/UniversityViewModel.cpp</label>
        <link refid="_university_view_model_8cpp"/>
      </node>
      <node id="3">
        <label>src/viewmodels/UniversityViewModel.h</label>
        <link refid="_university_view_model_8h"/>
        <childnode refid="4" relation="include">
        </childnode>
        <childnode refid="5" relation="include">
        </childnode>
      </node>
    </invincdepgraph>
    <innerclass refid="class_database_manager" prot="public">DatabaseManager</innerclass>
    <briefdescription>
<para>Заголовочный файл класса <ref refid="class_database_manager" kindref="compound">DatabaseManager</ref>. </para>
    </briefdescription>
    <detaileddescription>
    </detaileddescription>
    <programlisting>
<codeline lineno="1"><highlight class="normal"></highlight></codeline>
<codeline lineno="17"><highlight class="normal"></highlight></codeline>
<codeline lineno="18"><highlight class="normal"></highlight><highlight class="preprocessor">#ifndef<sp/>DATABASEMANAGER_H</highlight><highlight class="normal"></highlight></codeline>
<codeline lineno="19"><highlight class="normal"></highlight><highlight class="preprocessor">#define<sp/>DATABASEMANAGER_H</highlight><highlight class="normal"></highlight></codeline>
<codeline lineno="20"><highlight class="normal"></highlight></codeline>
<codeline lineno="21"><highlight class="normal"></highlight><highlight class="preprocessor">#include<sp/>&lt;QObject&gt;</highlight><highlight class="normal"></highlight></codeline>
<codeline lineno="22"><highlight class="normal"></highlight><highlight class="preprocessor">#include<sp/>&lt;QSqlDatabase&gt;</highlight><highlight class="normal"></highlight></codeline>
<codeline lineno="23"><highlight class="normal"></highlight><highlight class="preprocessor">#include<sp/>&lt;QSqlQuery&gt;</highlight><highlight class="normal"></highlight></codeline>
<codeline lineno="24"><highlight class="normal"></highlight><highlight class="preprocessor">#include<sp/>&lt;QString&gt;</highlight><highlight class="normal"></highlight></codeline>
<codeline lineno="25"><highlight class="normal"></highlight><highlight class="preprocessor">#include<sp/>&lt;QList&gt;</highlight><highlight class="normal"></highlight></codeline>
<codeline lineno="26"><highlight class="normal"></highlight><highlight class="preprocessor">#include<sp/>&quot;<ref refid="_teacher_8h" kindref="compound">Teacher.h</ref>&quot;</highlight><highlight class="normal"></highlight></codeline>
<codeline lineno="27"><highlight class="normal"></highlight><highlight class="preprocessor">#include<sp/>&quot;<ref refid="_student_8h" kindref="compound">Student.h</ref>&quot;</highlight><highlight class="normal"></highlight></codeline>
<codeline lineno="28"><highlight class="normal"></highlight><highlight class="preprocessor">#include<sp/>&quot;<ref refid="_subject_8h" kindref="compound">Subject.h</ref>&quot;</highlight><highlight class="normal"></highlight></codeline>
<codeline lineno="29"><highlight class="normal"></highlight></codeline>
<codeline lineno="30" refid="class_database_manager" refkind="compound"><highlight class="normal"></highlight><highlight class="keyword">class<sp/></highlight><highlight class="normal"><ref refid="class_database_manager_1aebfb8cc7427256623ccbe059b30b6450" kindref="member">DatabaseManager</ref><sp/>:<sp/></highlight><highlight class="keyword">public</highlight><highlight class="normal"><sp/>QObject</highlight></codeline>
<codeline lineno="31"><highlight class="normal">{</highlight></codeline>
<codeline lineno="32"><highlight class="normal"><sp/><sp/><sp/><sp/>Q_OBJECT</highlight></codeline>
<codeline lineno="33"><highlight class="normal"><sp/><sp/><sp/><sp/></highlight></codeline>
<codeline lineno="34"><highlight class="normal"></highlight><highlight class="keyword">public</highlight><highlight class="normal">:</highlight></codeline>
<codeline lineno="39"><highlight class="normal"><sp/><sp/><sp/><sp/></highlight><highlight class="keyword">explicit</highlight><highlight class="normal"><sp/><ref refid="class_database_manager_1aebfb8cc7427256623ccbe059b30b6450" kindref="member">DatabaseManager</ref>(QObject<sp/>*parent<sp/>=<sp/></highlight><highlight class="keyword">nullptr</highlight><highlight class="normal">);</highlight></codeline>
<codeline lineno="40"><highlight class="normal"><sp/><sp/><sp/><sp/></highlight></codeline>
<codeline lineno="45"><highlight class="normal"><sp/><sp/><sp/><sp/><ref refid="class_database_manager_1ae9b3a5da1e04fbb00faf8a034da1d063" kindref="member">~DatabaseManager</ref>();</highlight></codeline>
<codeline lineno="46"><highlight class="normal"><sp/><sp/><sp/><sp/></highlight></codeline>
<codeline lineno="57"><highlight class="normal"><sp/><sp/><sp/><sp/></highlight><highlight class="keywordtype">bool</highlight><highlight class="normal"><sp/><ref refid="class_database_manager_1a6eb61705ccd1925062cdd6835afff7f4" kindref="member">connectToDatabase</ref>();</highlight></codeline>
<codeline lineno="58"><highlight class="normal"><sp/><sp/><sp/><sp/></highlight></codeline>
<codeline lineno="63"><highlight class="normal"><sp/><sp/><sp/><sp/></highlight><highlight class="keywordtype">bool</highlight><highlight class="normal"><sp/><ref refid="class_database_manager_1aa4191649a436b20af9d2151e141ee148" kindref="member">isConnected</ref>()<sp/></highlight><highlight class="keyword">const</highlight><highlight class="normal">;</highlight></codeline>
<codeline lineno="64"><highlight class="normal"><sp/><sp/><sp/><sp/></highlight></codeline>
<codeline lineno="65"><highlight class="normal"><sp/><sp/><sp/><sp/></highlight><highlight class="comment">//<sp/>Teacher<sp/>operations</highlight><highlight class="normal"></highlight></codeline>
<codeline lineno="66"><highlight class="normal"><sp/><sp/><sp/><sp/></highlight></codeline>
<codeline lineno="73"><highlight class="normal"><sp/><sp/><sp/><sp/>QList&lt;Teacher*&gt;<sp/><ref refid="class_database_manager_1ad983596fc20516e09f7d265b9cbf276e" kindref="member">getAllTeachers</ref>();</highlight></codeline>
<codeline lineno="74"><highlight class="normal"><sp/><sp/><sp/><sp/></highlight></codeline>
<codeline lineno="81"><highlight class="normal"><sp/><sp/><sp/><sp/></highlight><highlight class="keywordtype">bool</highlight><highlight class="normal"><sp/><ref refid="class_database_manager_1a6b2228573c7cca37f4d92f253a3c0e1e" kindref="member">addTeacher</ref>(</highlight><highlight class="keyword">const</highlight><highlight class="normal"><sp/>QString<sp/>&amp;fullName,<sp/></highlight><highlight class="keyword">const</highlight><highlight class="normal"><sp/>QString<sp/>&amp;department);</highlight></codeline>
<codeline lineno="82"><highlight class="normal"><sp/><sp/><sp/><sp/></highlight></codeline>
<codeline lineno="88"><highlight class="normal"><sp/><sp/><sp/><sp/></highlight><highlight class="keywordtype">bool</highlight><highlight class="normal"><sp/><ref refid="class_database_manager_1abe33147600a91ed346a8eddc071ed974" kindref="member">deleteTeacher</ref>(</highlight><highlight class="keywordtype">int</highlight><highlight class="normal"><sp/></highlight><highlight class="keywordtype">id</highlight><highlight class="normal">);</highlight></codeline>
<codeline lineno="89"><highlight class="normal"><sp/><sp/><sp/><sp/></highlight></codeline>
<codeline lineno="95"><highlight class="normal"><sp/><sp/><sp/><sp/><ref refid="class_teacher" kindref="compound">Teacher</ref>*<sp/><ref refid="class_database_manager_1a90aab752b4fa4526946827e6d48920db" kindref="member">getTeacherById</ref>(</highlight><highlight class="keywordtype">int</highlight><highlight class="normal"><sp/></highlight><highlight class="keywordtype">id</highlight><highlight class="normal">);</highlight></codeline>
<codeline lineno="96"><highlight class="normal"><sp/><sp/><sp/><sp/></highlight></codeline>
<codeline lineno="97"><highlight class="normal"><sp/><sp/><sp/><sp/></highlight><highlight class="comment">//<sp/>Student<sp/>operations</highlight><highlight class="normal"></highlight></codeline>
<codeline lineno="98"><highlight class="normal"><sp/><sp/><sp/><sp/></highlight></codeline>
<codeline lineno="103"><highlight class="normal"><sp/><sp/><sp/><sp/>QList&lt;Student*&gt;<sp/><ref refid="class_database_manager_1a2c4992fff3cd0c47b06ccf5770a21c2d" kindref="member">getAllStudents</ref>();</highlight></codeline>
<codeline lineno="104"><highlight class="normal"><sp/><sp/><sp/><sp/></highlight></codeline>
<codeline lineno="111"><highlight class="normal"><sp/><sp/><sp/><sp/></highlight><highlight class="keywordtype">bool</highlight><highlight class="normal"><sp/><ref refid="class_database_manager_1a81b399a7da98cf9ea99b3d35ef524405" kindref="member">addStudent</ref>(</highlight><highlight class="keyword">const</highlight><highlight class="normal"><sp/>QString<sp/>&amp;fullName,<sp/></highlight><highlight class="keywordtype">int</highlight><highlight class="normal"><sp/>grade);</highlight></codeline>
<codeline lineno="112"><highlight class="normal"><sp/><sp/><sp/><sp/></highlight></codeline>
<codeline lineno="118"><highlight class="normal"><sp/><sp/><sp/><sp/></highlight><highlight class="keywordtype">bool</highlight><highlight class="normal"><sp/><ref refid="class_database_manager_1ad45b95581569764fefd3ecc4cd44b0f6" kindref="member">deleteStudent</ref>(</highlight><highlight class="keywordtype">int</highlight><highlight class="normal"><sp/></highlight><highlight class="keywordtype">id</highlight><highlight class="normal">);</highlight></codeline>
<codeline lineno="119"><highlight class="normal"><sp/><sp/><sp/><sp/></highlight></codeline>
<codeline lineno="125"><highlight class="normal"><sp/><sp/><sp/><sp/><ref refid="class_student" kindref="compound">Student</ref>*<sp/><ref refid="class_database_manager_1a5ef7b3f43dd00d37e26a95e53abad3b7" kindref="member">getStudentById</ref>(</highlight><highlight class="keywordtype">int</highlight><highlight class="normal"><sp/></highlight><highlight class="keywordtype">id</highlight><highlight class="normal">);</highlight></codeline>
<codeline lineno="126"><highlight class="normal"><sp/><sp/><sp/><sp/></highlight></codeline>
<codeline lineno="127"><highlight class="normal"><sp/><sp/><sp/><sp/></highlight><highlight class="comment">//<sp/>Subject<sp/>operations</highlight><highlight class="normal"></highlight></codeline>
<codeline lineno="128"><highlight class="normal"><sp/><sp/><sp/><sp/></highlight></codeline>
<codeline lineno="133"><highlight class="normal"><sp/><sp/><sp/><sp/>QList&lt;Subject*&gt;<sp/><ref refid="class_database_manager_1a352a1254eaf18855012d3efc3de4b725" kindref="member">getAllSubjects</ref>();</highlight></codeline>
<codeline lineno="134"><highlight class="normal"><sp/><sp/><sp/><sp/></highlight></codeline>
<codeline lineno="140"><highlight class="normal"><sp/><sp/><sp/><sp/></highlight><highlight class="keywordtype">bool</highlight><highlight class="normal"><sp/><ref refid="class_database_manager_1af9aa5f94b44794305aabf87706856886" kindref="member">addSubject</ref>(</highlight><highlight class="keyword">const</highlight><highlight class="normal"><sp/>QString<sp/>&amp;name);</highlight></codeline>
<codeline lineno="141"><highlight class="normal"><sp/><sp/><sp/><sp/></highlight></codeline>
<codeline lineno="147"><highlight class="normal"><sp/><sp/><sp/><sp/></highlight><highlight class="keywordtype">bool</highlight><highlight class="normal"><sp/><ref refid="class_database_manager_1a7a9386b64550d768609faf7227878e2d" kindref="member">deleteSubject</ref>(</highlight><highlight class="keywordtype">int</highlight><highlight class="normal"><sp/></highlight><highlight class="keywordtype">id</highlight><highlight class="normal">);</highlight></codeline>
<codeline lineno="148"><highlight class="normal"><sp/><sp/><sp/><sp/></highlight></codeline>
<codeline lineno="154"><highlight class="normal"><sp/><sp/><sp/><sp/><ref refid="class_subject" kindref="compound">Subject</ref>*<sp/><ref refid="class_database_manager_1a41acbbccbbec7c615b8e3c7086d94f3a" kindref="member">getSubjectById</ref>(</highlight><highlight class="keywordtype">int</highlight><highlight class="normal"><sp/></highlight><highlight class="keywordtype">id</highlight><highlight class="normal">);</highlight></codeline>
<codeline lineno="155"><highlight class="normal"><sp/><sp/><sp/><sp/></highlight></codeline>
<codeline lineno="156"><highlight class="normal"><sp/><sp/><sp/><sp/></highlight><highlight class="comment">//<sp/>Statistics</highlight><highlight class="normal"></highlight></codeline>
<codeline lineno="157"><highlight class="normal"><sp/><sp/><sp/><sp/></highlight></codeline>
<codeline lineno="162"><highlight class="normal"><sp/><sp/><sp/><sp/></highlight><highlight class="keywordtype">int</highlight><highlight class="normal"><sp/><ref refid="class_database_manager_1abbb298eb17fa1eff28ec9f7d1fb3c84a" kindref="member">getTotalRecords</ref>()<sp/></highlight><highlight class="keyword">const</highlight><highlight class="normal">;</highlight></codeline>
<codeline lineno="163"><highlight class="normal"><sp/><sp/><sp/><sp/></highlight></codeline>
<codeline lineno="164"><highlight class="normal">signals:</highlight></codeline>
<codeline lineno="169" refid="class_database_manager_1a582b4461e77e9845e1ba5115b114d1d6" refkind="member"><highlight class="normal"><sp/><sp/><sp/><sp/></highlight><highlight class="keywordtype">void</highlight><highlight class="normal"><sp/><ref refid="class_database_manager_1a582b4461e77e9845e1ba5115b114d1d6" kindref="member">databaseConnected</ref>(</highlight><highlight class="keywordtype">bool</highlight><highlight class="normal"><sp/>success);</highlight></codeline>
<codeline lineno="170"><highlight class="normal"><sp/><sp/><sp/><sp/></highlight></codeline>
<codeline lineno="175" refid="class_database_manager_1a1db64961db807b5d816ffd358d93f0d2" refkind="member"><highlight class="normal"><sp/><sp/><sp/><sp/></highlight><highlight class="keywordtype">void</highlight><highlight class="normal"><sp/><ref refid="class_database_manager_1a1db64961db807b5d816ffd358d93f0d2" kindref="member">dataChanged</ref>();</highlight></codeline>
<codeline lineno="176"><highlight class="normal"><sp/><sp/><sp/><sp/></highlight></codeline>
<codeline lineno="177"><highlight class="normal"></highlight><highlight class="keyword">private</highlight><highlight class="normal">:</highlight></codeline>
<codeline lineno="182"><highlight class="normal"><sp/><sp/><sp/><sp/></highlight><highlight class="keywordtype">void</highlight><highlight class="normal"><sp/>initializeDatabase();</highlight></codeline>
<codeline lineno="183"><highlight class="normal"><sp/><sp/><sp/><sp/></highlight></codeline>
<codeline lineno="187"><highlight class="normal"><sp/><sp/><sp/><sp/>QSqlDatabase<sp/>m_database;</highlight></codeline>
<codeline lineno="188"><highlight class="normal">};</highlight></codeline>
<codeline lineno="189"><highlight class="normal"></highlight></codeline>
<codeline lineno="190"><highlight class="normal"></highlight><highlight class="preprocessor">#endif<sp/></highlight><highlight class="comment">//<sp/>DATABASEMANAGER_H</highlight><highlight class="normal"></highlight></codeline>
    </programlisting>
    <location file="src/models/DatabaseManager.h"/>
  </compounddef>
</doxygen>
