<?xml version='1.0' encoding='UTF-8' standalone='no'?>
<doxygen xmlns:xsi="http://www.w3.org/2001/XMLSchema-instance" xsi:noNamespaceSchemaLocation="compound.xsd" version="1.16.1" xml:lang="en-US">
  <compounddef id="_student_8h" kind="file" language="C++">
    <compoundname>Student.h</compoundname>
    <includes local="no">QObject</includes>
    <includes local="no">QString</includes>
    <includedby refid="_database_manager_8h" local="yes">src/models/DatabaseManager.h</includedby>
    <includedby refid="_student_8cpp" local="yes">src/models/Student.cpp</includedby>
    <includedby refid="_university_view_model_8h" local="yes">src/viewmodels/UniversityViewModel.h</includedby>
    <incdepgraph>
      <node id="1">
        <label>src/models/Student.h</label>
        <link refid="_student_8h"/>
        <childnode refid="2" relation="include">
        </childnode>
        <childnode refid="3" relation="include">
        </childnode>
      </node>
      <node id="2">
        <label>QObject</label>
      </node>
      <node id="3">
        <label>QString</label>
      </node>
    </incdepgraph>
    <invincdepgraph>
      <node id="5">
        <label>main.cpp</label>
        <link refid="main_8cpp"/>
      </node>
      <node id="3">
        <label>src/models/DatabaseManager.cpp</label>
        <link refid="_database_manager_8cpp"/>
      </node>
      <node id="2">
        <label>src/models/DatabaseManager.h</label>
        <link refid="_database_manager_8h"/>
        <childnode refid="3" relation="include">
        </childnode>
        <childnode refid="4" relation="include">
        </childnode>
      </node>
      <node id="7">
        <label>src/models/Student.cpp</label>
        <link refid="_student_8cpp"/>
      </node>
      <node id="1">
        <label>src/models/Student.h</label>
        <link refid="_student_8h"/>
        <childnode refid="2" relation="include">
        </childnode>
        <childnode refid="7" relation="include">
        </childnode>
        <childnode refid="4" relation="include">
        </childnode>
      </node>
      <node id="6">
        <label>src/viewmodels/UniversityViewModel.cpp</label>
        <link refid="_university_view_model_8cpp"/>
      </node>
      <node id="4">
        <label>src/viewmodels/UniversityViewModel.h</label>
        <link refid="_university_view_model_8h"/>
        <childnode refid="5" relation="include">
        </childnode>
        <childnode refid="6" relation="include">
        </childnode>
      </node>
    </invincdepgraph>
    <innerclass refid="class_student" prot="public">Student</innerclass>
    <briefdescription>
<para>Заголовочный файл класса <ref refid="class_student" kindref="compound">Student</ref>. </para>
    </briefdescription>
    <detaileddescription>
    </detaileddescription>
    <programlisting>
<codeline lineno="1"><highlight class="normal"></highlight></codeline>
<codeline lineno="23"><highlight class="normal"></highlight></codeline>
<codeline lineno="24"><highlight class="normal"></highlight><highlight class="preprocessor">#ifndef<sp/>STUDENT_H</highlight><highlight class="normal"></highlight></codeline>
<codeline lineno="25"><highlight class="normal"></highlight><highlight class="preprocessor">#define<sp/>STUDENT_H</highlight><highlight class="normal"></highlight></codeline>
<codeline lineno="26"><highlight class="normal"></highlight></codeline>
<codeline lineno="27"><highlight class="normal"></highlight><highlight class="preprocessor">#include<sp/>&lt;QObject&gt;</highlight><highlight class="normal"></highlight></codeline>
<codeline lineno="28"><highlight class="normal"></highlight><highlight class="preprocessor">#include<sp/>&lt;QString&gt;</highlight><highlight class="normal"></highlight></codeline>
<codeline lineno="29"><highlight class="normal"></highlight></codeline>
<codeline lineno="30" refid="class_student" refkind="compound"><highlight class="normal"></highlight><highlight class="keyword">class<sp/></highlight><highlight class="normal"><ref refid="class_student_1abc29f15dfff75347842b591dc34b8a93" kindref="member">Student</ref><sp/>:<sp/></highlight><highlight class="keyword">public</highlight><highlight class="normal"><sp/>QObject</highlight></codeline>
<codeline lineno="31"><highlight class="normal">{</highlight></codeline>
<codeline lineno="32"><highlight class="normal"><sp/><sp/><sp/><sp/>Q_OBJECT</highlight></codeline>
<codeline lineno="33" refid="class_student_1a1351fb239711a78a8b115d75597b5df0" refkind="member"><highlight class="normal"><sp/><sp/><sp/><sp/>Q_PROPERTY(</highlight><highlight class="keywordtype">int</highlight><highlight class="normal"><sp/></highlight><highlight class="keywordtype">id</highlight><highlight class="normal"><sp/>READ<sp/></highlight><highlight class="keywordtype">id</highlight><highlight class="normal"><sp/>WRITE<sp/><ref refid="class_student_1abba5d240dcfdcdaf3a030e3e1c4ad1f6" kindref="member">setId</ref><sp/>NOTIFY<sp/><ref refid="class_student_1ac33bca171b60914efac613b4707ddb52" kindref="member">idChanged</ref>)</highlight></codeline>
<codeline lineno="34" refid="class_student_1a0abbaea70beb713544dc92d02db1add7" refkind="member"><highlight class="normal"><sp/><sp/><sp/><sp/>Q_PROPERTY(QString<sp/><ref refid="class_student_1a0abbaea70beb713544dc92d02db1add7" kindref="member">fullName</ref><sp/>READ<sp/><ref refid="class_student_1a0abbaea70beb713544dc92d02db1add7" kindref="member">fullName</ref><sp/>WRITE<sp/><ref refid="class_student_1a8a1081dec781bc05d6ef9b405cf7f897" kindref="member">setFullName</ref><sp/>NOTIFY<sp/><ref refid="class_student_1adca0fe864bc4b5d7bd4cec03664dfae4" kindref="member">fullNameChanged</ref>)</highlight></codeline>
<codeline lineno="35" refid="class_student_1a6ccb1dafc8372525128a418b99597aaa" refkind="member"><highlight class="normal"><sp/><sp/><sp/><sp/>Q_PROPERTY(</highlight><highlight class="keywordtype">int</highlight><highlight class="normal"><sp/><ref refid="class_student_1a6ccb1dafc8372525128a418b99597aaa" kindref="member">grade</ref><sp/>READ<sp/><ref refid="class_student_1a6ccb1dafc8372525128a418b99597aaa" kindref="member">grade</ref><sp/>WRITE<sp/><ref refid="class_student_1a9547c17d28385d164335384622218551" kindref="member">setGrade</ref><sp/>NOTIFY<sp/><ref refid="class_student_1ad34bdd58648c0f16073b1e404fe6d180" kindref="member">gradeChanged</ref>)</highlight></codeline>
<codeline lineno="36"><highlight class="normal"><sp/><sp/><sp/><sp/></highlight></codeline>
<codeline lineno="37"><highlight class="normal">public:</highlight></codeline>
<codeline lineno="42"><highlight class="normal"><sp/><sp/><sp/><sp/>explicit<sp/><ref refid="class_student_1abc29f15dfff75347842b591dc34b8a93" kindref="member">Student</ref>(QObject<sp/>*parent<sp/>=<sp/></highlight><highlight class="keywordtype">nullptr</highlight><highlight class="normal">);</highlight></codeline>
<codeline lineno="43"><highlight class="normal"><sp/><sp/><sp/><sp/></highlight></codeline>
<codeline lineno="51"><highlight class="normal"><sp/><sp/><sp/><sp/><ref refid="class_student_1abc29f15dfff75347842b591dc34b8a93" kindref="member">Student</ref>(</highlight><highlight class="keywordtype">int</highlight><highlight class="normal"><sp/></highlight><highlight class="keywordtype">id</highlight><highlight class="normal">,<sp/>const<sp/>QString<sp/>&amp;<ref refid="class_student_1a0abbaea70beb713544dc92d02db1add7" kindref="member">fullName</ref>,<sp/></highlight><highlight class="keywordtype">int</highlight><highlight class="normal"><sp/><ref refid="class_student_1a6ccb1dafc8372525128a418b99597aaa" kindref="member">grade</ref>,<sp/>QObject<sp/>*parent<sp/>=<sp/></highlight><highlight class="keywordtype">nullptr</highlight><highlight class="normal">);</highlight></codeline>
<codeline lineno="52"><highlight class="normal"><sp/><sp/><sp/><sp/></highlight></codeline>
<codeline lineno="57"><highlight class="normal"><sp/><sp/><sp/><sp/></highlight><highlight class="keywordtype">int</highlight><highlight class="normal"><sp/></highlight><highlight class="keywordtype">id</highlight><highlight class="normal">()<sp/>const;</highlight></codeline>
<codeline lineno="58"><highlight class="normal"><sp/><sp/><sp/><sp/></highlight></codeline>
<codeline lineno="63"><highlight class="normal"><sp/><sp/><sp/><sp/></highlight><highlight class="keywordtype">void</highlight><highlight class="normal"><sp/><ref refid="class_student_1abba5d240dcfdcdaf3a030e3e1c4ad1f6" kindref="member">setId</ref>(</highlight><highlight class="keywordtype">int</highlight><highlight class="normal"><sp/></highlight><highlight class="keywordtype">id</highlight><highlight class="normal">);</highlight></codeline>
<codeline lineno="64"><highlight class="normal"><sp/><sp/><sp/><sp/></highlight></codeline>
<codeline lineno="69"><highlight class="normal"><sp/><sp/><sp/><sp/>QString<sp/><ref refid="class_student_1a0abbaea70beb713544dc92d02db1add7" kindref="member">fullName</ref>()<sp/>const;</highlight></codeline>
<codeline lineno="70"><highlight class="normal"><sp/><sp/><sp/><sp/></highlight></codeline>
<codeline lineno="75"><highlight class="normal"><sp/><sp/><sp/><sp/></highlight><highlight class="keywordtype">void</highlight><highlight class="normal"><sp/><ref refid="class_student_1a8a1081dec781bc05d6ef9b405cf7f897" kindref="member">setFullName</ref>(const<sp/>QString<sp/>&amp;<ref refid="class_student_1a0abbaea70beb713544dc92d02db1add7" kindref="member">fullName</ref>);</highlight></codeline>
<codeline lineno="76"><highlight class="normal"><sp/><sp/><sp/><sp/></highlight></codeline>
<codeline lineno="81"><highlight class="normal"><sp/><sp/><sp/><sp/></highlight><highlight class="keywordtype">int</highlight><highlight class="normal"><sp/><ref refid="class_student_1a6ccb1dafc8372525128a418b99597aaa" kindref="member">grade</ref>()<sp/>const;</highlight></codeline>
<codeline lineno="82"><highlight class="normal"><sp/><sp/><sp/><sp/></highlight></codeline>
<codeline lineno="88"><highlight class="normal"><sp/><sp/><sp/><sp/></highlight><highlight class="keywordtype">void</highlight><highlight class="normal"><sp/><ref refid="class_student_1a9547c17d28385d164335384622218551" kindref="member">setGrade</ref>(</highlight><highlight class="keywordtype">int</highlight><highlight class="normal"><sp/><ref refid="class_student_1a6ccb1dafc8372525128a418b99597aaa" kindref="member">grade</ref>);</highlight></codeline>
<codeline lineno="89"><highlight class="normal"><sp/><sp/><sp/><sp/></highlight></codeline>
<codeline lineno="94"><highlight class="normal"><sp/><sp/><sp/><sp/>QString<sp/><ref refid="class_student_1a3d53d2fd4a6d02c99d1c3e1a210d5e23" kindref="member">toString</ref>()<sp/>const;</highlight></codeline>
<codeline lineno="95"><highlight class="normal"><sp/><sp/><sp/><sp/></highlight></codeline>
<codeline lineno="96"><highlight class="normal">signals:</highlight></codeline>
<codeline lineno="100" refid="class_student_1ac33bca171b60914efac613b4707ddb52" refkind="member"><highlight class="normal"><sp/><sp/><sp/><sp/></highlight><highlight class="keywordtype">void</highlight><highlight class="normal"><sp/><ref refid="class_student_1ac33bca171b60914efac613b4707ddb52" kindref="member">idChanged</ref>();</highlight></codeline>
<codeline lineno="101"><highlight class="normal"><sp/><sp/><sp/><sp/></highlight></codeline>
<codeline lineno="105" refid="class_student_1adca0fe864bc4b5d7bd4cec03664dfae4" refkind="member"><highlight class="normal"><sp/><sp/><sp/><sp/></highlight><highlight class="keywordtype">void</highlight><highlight class="normal"><sp/><ref refid="class_student_1adca0fe864bc4b5d7bd4cec03664dfae4" kindref="member">fullNameChanged</ref>();</highlight></codeline>
<codeline lineno="106"><highlight class="normal"><sp/><sp/><sp/><sp/></highlight></codeline>
<codeline lineno="110" refid="class_student_1ad34bdd58648c0f16073b1e404fe6d180" refkind="member"><highlight class="normal"><sp/><sp/><sp/><sp/></highlight><highlight class="keywordtype">void</highlight><highlight class="normal"><sp/><ref refid="class_student_1ad34bdd58648c0f16073b1e404fe6d180" kindref="member">gradeChanged</ref>();</highlight></codeline>
<codeline lineno="111"><highlight class="normal"><sp/><sp/><sp/><sp/></highlight></codeline>
<codeline lineno="112"><highlight class="normal">private:</highlight></codeline>
<codeline lineno="113"><highlight class="normal"><sp/><sp/><sp/><sp/></highlight><highlight class="keywordtype">int</highlight><highlight class="normal"><sp/>m_id;<sp/><sp/><sp/><sp/><sp/><sp/><sp/><sp/><sp/><sp/><sp/></highlight></codeline>
<codeline lineno="114"><highlight class="normal"><sp/><sp/><sp/><sp/>QString<sp/>m_fullName;<sp/></highlight></codeline>
<codeline lineno="115"><highlight class="normal"><sp/><sp/><sp/><sp/></highlight><highlight class="keywordtype">int</highlight><highlight class="normal"><sp/>m_grade;<sp/><sp/><sp/><sp/><sp/><sp/><sp/><sp/></highlight></codeline>
<codeline lineno="116"><highlight class="normal">};</highlight></codeline>
<codeline lineno="117"><highlight class="normal"></highlight></codeline>
<codeline lineno="118"><highlight class="normal"></highlight><highlight class="preprocessor">#endif<sp/></highlight><highlight class="comment">//<sp/>STUDENT_H</highlight><highlight class="normal"></highlight></codeline>
    </programlisting>
    <location file="src/models/Student.h"/>
  </compounddef>
</doxygen>
