<?xml version='1.0' encoding='UTF-8' standalone='no'?>
<doxygen xmlns:xsi="http://www.w3.org/2001/XMLSchema-instance" xsi:noNamespaceSchemaLocation="compound.xsd" version="1.16.1" xml:lang="en-US">
  <compounddef id="_student_8cpp" kind="file" language="C++">
    <compoundname>Student.cpp</compoundname>
    <includes refid="_student_8h" local="yes">Student.h</includes>
    <incdepgraph>
      <node id="1">
        <label>src/models/Student.cpp</label>
        <link refid="_student_8cpp"/>
        <childnode refid="2" relation="include">
        </childnode>
      </node>
      <node id="2">
        <label>Student.h</label>
        <link refid="_student_8h"/>
        <childnode refid="3" relation="include">
        </childnode>
        <childnode refid="4" relation="include">
        </childnode>
      </node>
      <node id="3">
        <label>QObject</label>
      </node>
      <node id="4">
        <label>QString</label>
      </node>
    </incdepgraph>
    <briefdescription>
<para>Реализация класса <ref refid="class_student" kindref="compound">Student</ref>. </para>
    </briefdescription>
    <detaileddescription>
    </detaileddescription>
    <programlisting>
<codeline lineno="1"><highlight class="normal"></highlight></codeline>
<codeline lineno="6"><highlight class="normal"></highlight></codeline>
<codeline lineno="7"><highlight class="normal"></highlight><highlight class="preprocessor">#include<sp/>&quot;<ref refid="_student_8h" kindref="compound">Student.h</ref>&quot;</highlight><highlight class="normal"></highlight></codeline>
<codeline lineno="8"><highlight class="normal"></highlight></codeline>
<codeline lineno="13"><highlight class="normal"><ref refid="class_student_1abc29f15dfff75347842b591dc34b8a93" kindref="member">Student::Student</ref>(QObject<sp/>*parent)<sp/></highlight></codeline>
<codeline lineno="14"><highlight class="normal"><sp/><sp/><sp/><sp/>:<sp/>QObject(parent),<sp/>m_id(0),<sp/>m_grade(0)</highlight></codeline>
<codeline lineno="15"><highlight class="normal">{</highlight></codeline>
<codeline lineno="16"><highlight class="normal">}</highlight></codeline>
<codeline lineno="17"><highlight class="normal"></highlight></codeline>
<codeline lineno="25"><highlight class="normal"><ref refid="class_student_1abc29f15dfff75347842b591dc34b8a93" kindref="member">Student::Student</ref>(</highlight><highlight class="keywordtype">int</highlight><highlight class="normal"><sp/></highlight><highlight class="keywordtype">id</highlight><highlight class="normal">,<sp/></highlight><highlight class="keyword">const</highlight><highlight class="normal"><sp/>QString<sp/>&amp;fullName,<sp/></highlight><highlight class="keywordtype">int</highlight><highlight class="normal"><sp/>grade,<sp/>QObject<sp/>*parent)</highlight></codeline>
<codeline lineno="26"><highlight class="normal"><sp/><sp/><sp/><sp/>:<sp/>QObject(parent),<sp/>m_id(id),<sp/>m_fullName(fullName),<sp/>m_grade(grade)</highlight></codeline>
<codeline lineno="27"><highlight class="normal">{</highlight></codeline>
<codeline lineno="28"><highlight class="normal">}</highlight></codeline>
<codeline lineno="29"><highlight class="normal"></highlight></codeline>
<codeline lineno="34"><highlight class="normal"></highlight><highlight class="keywordtype">int</highlight><highlight class="normal"><sp/><ref refid="class_student_1a1351fb239711a78a8b115d75597b5df0" kindref="member">Student::id</ref>()</highlight><highlight class="keyword"><sp/>const</highlight></codeline>
<codeline lineno="35"><highlight class="keyword"></highlight><highlight class="normal">{</highlight></codeline>
<codeline lineno="36"><highlight class="normal"><sp/><sp/><sp/><sp/></highlight><highlight class="keywordflow">return</highlight><highlight class="normal"><sp/>m_id;</highlight></codeline>
<codeline lineno="37"><highlight class="normal">}</highlight></codeline>
<codeline lineno="38"><highlight class="normal"></highlight></codeline>
<codeline lineno="43"><highlight class="normal"></highlight><highlight class="keywordtype">void</highlight><highlight class="normal"><sp/><ref refid="class_student_1abba5d240dcfdcdaf3a030e3e1c4ad1f6" kindref="member">Student::setId</ref>(</highlight><highlight class="keywordtype">int</highlight><highlight class="normal"><sp/></highlight><highlight class="keywordtype">id</highlight><highlight class="normal">)</highlight></codeline>
<codeline lineno="44"><highlight class="normal">{</highlight></codeline>
<codeline lineno="45"><highlight class="normal"><sp/><sp/><sp/><sp/></highlight><highlight class="keywordflow">if</highlight><highlight class="normal"><sp/>(m_id<sp/>!=<sp/></highlight><highlight class="keywordtype">id</highlight><highlight class="normal">)<sp/>{</highlight></codeline>
<codeline lineno="46"><highlight class="normal"><sp/><sp/><sp/><sp/><sp/><sp/><sp/><sp/>m_id<sp/>=<sp/><ref refid="class_student_1a1351fb239711a78a8b115d75597b5df0" kindref="member">id</ref>;</highlight></codeline>
<codeline lineno="47"><highlight class="normal"><sp/><sp/><sp/><sp/><sp/><sp/><sp/><sp/>emit<sp/><ref refid="class_student_1ac33bca171b60914efac613b4707ddb52" kindref="member">idChanged</ref>();</highlight></codeline>
<codeline lineno="48"><highlight class="normal"><sp/><sp/><sp/><sp/>}</highlight></codeline>
<codeline lineno="49"><highlight class="normal">}</highlight></codeline>
<codeline lineno="50"><highlight class="normal"></highlight></codeline>
<codeline lineno="55"><highlight class="normal">QString<sp/><ref refid="class_student_1a0abbaea70beb713544dc92d02db1add7" kindref="member">Student::fullName</ref>()</highlight><highlight class="keyword"><sp/>const</highlight></codeline>
<codeline lineno="56"><highlight class="keyword"></highlight><highlight class="normal">{</highlight></codeline>
<codeline lineno="57"><highlight class="normal"><sp/><sp/><sp/><sp/></highlight><highlight class="keywordflow">return</highlight><highlight class="normal"><sp/>m_fullName;</highlight></codeline>
<codeline lineno="58"><highlight class="normal">}</highlight></codeline>
<codeline lineno="59"><highlight class="normal"></highlight></codeline>
<codeline lineno="64"><highlight class="normal"></highlight><highlight class="keywordtype">void</highlight><highlight class="normal"><sp/><ref refid="class_student_1a8a1081dec781bc05d6ef9b405cf7f897" kindref="member">Student::setFullName</ref>(</highlight><highlight class="keyword">const</highlight><highlight class="normal"><sp/>QString<sp/>&amp;fullName)</highlight></codeline>
<codeline lineno="65"><highlight class="normal">{</highlight></codeline>
<codeline lineno="66"><highlight class="normal"><sp/><sp/><sp/><sp/></highlight><highlight class="keywordflow">if</highlight><highlight class="normal"><sp/>(m_fullName<sp/>!=<sp/><ref refid="class_student_1a0abbaea70beb713544dc92d02db1add7" kindref="member">fullName</ref>)<sp/>{</highlight></codeline>
<codeline lineno="67"><highlight class="normal"><sp/><sp/><sp/><sp/><sp/><sp/><sp/><sp/>m_fullName<sp/>=<sp/><ref refid="class_student_1a0abbaea70beb713544dc92d02db1add7" kindref="member">fullName</ref>;</highlight></codeline>
<codeline lineno="68"><highlight class="normal"><sp/><sp/><sp/><sp/><sp/><sp/><sp/><sp/>emit<sp/><ref refid="class_student_1adca0fe864bc4b5d7bd4cec03664dfae4" kindref="member">fullNameChanged</ref>();</highlight></codeline>
<codeline lineno="69"><highlight class="normal"><sp/><sp/><sp/><sp/>}</highlight></codeline>
<codeline lineno="70"><highlight class="normal">}</highlight></codeline>
<codeline lineno="71"><highlight class="normal"></highlight></codeline>
<codeline lineno="76"><highlight class="normal"></highlight><highlight class="keywordtype">int</highlight><highlight class="normal"><sp/><ref refid="class_student_1a6ccb1dafc8372525128a418b99597aaa" kindref="member">Student::grade</ref>()</highlight><highlight class="keyword"><sp/>const</highlight></codeline>
<codeline lineno="77"><highlight class="keyword"></highlight><highlight class="normal">{</highlight></codeline>
<codeline lineno="78"><highlight class="normal"><sp/><sp/><sp/><sp/></highlight><highlight class="keywordflow">return</highlight><highlight class="normal"><sp/>m_grade;</highlight></codeline>
<codeline lineno="79"><highlight class="normal">}</highlight></codeline>
<codeline lineno="80"><highlight class="normal"></highlight></codeline>
<codeline lineno="85"><highlight class="normal"></highlight><highlight class="keywordtype">void</highlight><highlight class="normal"><sp/><ref refid="class_student_1a9547c17d28385d164335384622218551" kindref="member">Student::setGrade</ref>(</highlight><highlight class="keywordtype">int</highlight><highlight class="normal"><sp/>grade)</highlight></codeline>
<codeline lineno="86"><highlight class="normal">{</highlight></codeline>
<codeline lineno="87"><highlight class="normal"><sp/><sp/><sp/><sp/></highlight><highlight class="keywordflow">if</highlight><highlight class="normal"><sp/>(m_grade<sp/>!=<sp/><ref refid="class_student_1a6ccb1dafc8372525128a418b99597aaa" kindref="member">grade</ref>)<sp/>{</highlight></codeline>
<codeline lineno="88"><highlight class="normal"><sp/><sp/><sp/><sp/><sp/><sp/><sp/><sp/>m_grade<sp/>=<sp/><ref refid="class_student_1a6ccb1dafc8372525128a418b99597aaa" kindref="member">grade</ref>;</highlight></codeline>
<codeline lineno="89"><highlight class="normal"><sp/><sp/><sp/><sp/><sp/><sp/><sp/><sp/>emit<sp/><ref refid="class_student_1ad34bdd58648c0f16073b1e404fe6d180" kindref="member">gradeChanged</ref>();</highlight></codeline>
<codeline lineno="90"><highlight class="normal"><sp/><sp/><sp/><sp/>}</highlight></codeline>
<codeline lineno="91"><highlight class="normal">}</highlight></codeline>
<codeline lineno="92"><highlight class="normal"></highlight></codeline>
<codeline lineno="97"><highlight class="normal">QString<sp/><ref refid="class_student_1a3d53d2fd4a6d02c99d1c3e1a210d5e23" kindref="member">Student::toString</ref>()</highlight><highlight class="keyword"><sp/>const</highlight></codeline>
<codeline lineno="98"><highlight class="keyword"></highlight><highlight class="normal">{</highlight></codeline>
<codeline lineno="99"><highlight class="normal"><sp/><sp/><sp/><sp/></highlight><highlight class="keywordflow">return</highlight><highlight class="normal"><sp/>QString(</highlight><highlight class="stringliteral">&quot;%1.<sp/>%2<sp/>(Оценка:<sp/>%3)&quot;</highlight><highlight class="normal">).arg(m_id).arg(m_fullName).arg(m_grade);</highlight></codeline>
<codeline lineno="100"><highlight class="normal">}</highlight></codeline>
    </programlisting>
    <location file="src/models/Student.cpp"/>
  </compounddef>
</doxygen>
