<?xml version='1.0' encoding='UTF-8' standalone='no'?>
<doxygen xmlns:xsi="http://www.w3.org/2001/XMLSchema-instance" xsi:noNamespaceSchemaLocation="compound.xsd" version="1.16.1" xml:lang="en-US">
  <compounddef id="_subject_8h" kind="file" language="C++">
    <compoundname>Subject.h</compoundname>
    <includes local="no">QObject</includes>
    <includes local="no">QString</includes>
    <includedby refid="_database_manager_8h" local="yes">src/models/DatabaseManager.h</includedby>
    <includedby refid="_subject_8cpp" local="yes">src/models/Subject.cpp</includedby>
    <includedby refid="_university_view_model_8h" local="yes">src/viewmodels/UniversityViewModel.h</includedby>
    <incdepgraph>
      <node id="1">
        <label>src/models/Subject.h</label>
        <link refid="_subject_8h"/>
        <childnode refid="2" relation="include">
        </childnode>
        <childnode refid="3" relation="include">
        </childnode>
      </node>
      <node id="2">
        <label>QObject</label>
      </node>
      <node id="3">
        <label>QString</label>
      </node>
    </incdepgraph>
    <invincdepgraph>
      <node id="5">
        <label>main.cpp</label>
        <link refid="main_8cpp"/>
      </node>
      <node id="3">
        <label>src/models/DatabaseManager.cpp</label>
        <link refid="_database_manager_8cpp"/>
      </node>
      <node id="2">
        <label>src/models/DatabaseManager.h</label>
        <link refid="_database_manager_8h"/>
        <childnode refid="3" relation="include">
        </childnode>
        <childnode refid="4" relation="include">
        </childnode>
      </node>
      <node id="7">
        <label>src/models/Subject.cpp</label>
        <link refid="_subject_8cpp"/>
      </node>
      <node id="1">
        <label>src/models/Subject.h</label>
        <link refid="_subject_8h"/>
        <childnode refid="2" relation="include">
        </childnode>
        <childnode refid="7" relation="include">
        </childnode>
        <childnode refid="4" relation="include">
        </childnode>
      </node>
      <node id="6">
        <label>src/viewmodels/UniversityViewModel.cpp</label>
        <link refid="_university_view_model_8cpp"/>
      </node>
      <node id="4">
        <label>src/viewmodels/UniversityViewModel.h</label>
        <link refid="_university_view_model_8h"/>
        <childnode refid="5" relation="include">
        </childnode>
        <childnode refid="6" relation="include">
        </childnode>
      </node>
    </invincdepgraph>
    <innerclass refid="class_subject" prot="public">Subject</innerclass>
    <briefdescription>
<para>Заголовочный файл класса <ref refid="class_subject" kindref="compound">Subject</ref>. </para>
    </briefdescription>
    <detaileddescription>
    </detaileddescription>
    <programlisting>
<codeline lineno="1"><highlight class="normal"></highlight></codeline>
<codeline lineno="19"><highlight class="normal"></highlight></codeline>
<codeline lineno="20"><highlight class="normal"></highlight><highlight class="preprocessor">#ifndef<sp/>SUBJECT_H</highlight><highlight class="normal"></highlight></codeline>
<codeline lineno="21"><highlight class="normal"></highlight><highlight class="preprocessor">#define<sp/>SUBJECT_H</highlight><highlight class="normal"></highlight></codeline>
<codeline lineno="22"><highlight class="normal"></highlight></codeline>
<codeline lineno="23"><highlight class="normal"></highlight><highlight class="preprocessor">#include<sp/>&lt;QObject&gt;</highlight><highlight class="normal"></highlight></codeline>
<codeline lineno="24"><highlight class="normal"></highlight><highlight class="preprocessor">#include<sp/>&lt;QString&gt;</highlight><highlight class="normal"></highlight></codeline>
<codeline lineno="25"><highlight class="normal"></highlight></codeline>
<codeline lineno="26" refid="class_subject" refkind="compound"><highlight class="normal"></highlight><highlight class="keyword">class<sp/></highlight><highlight class="normal"><ref refid="class_subject_1ac78bedb24be6afb83b4fa334badc549b" kindref="member">Subject</ref><sp/>:<sp/></highlight><highlight class="keyword">public</highlight><highlight class="normal"><sp/>QObject</highlight></codeline>
<codeline lineno="27"><highlight class="normal">{</highlight></codeline>
<codeline lineno="28"><highlight class="normal"><sp/><sp/><sp/><sp/>Q_OBJECT</highlight></codeline>
<codeline lineno="29" refid="class_subject_1a377b0647cc8da547c5cfc96aacad5b2f" refkind="member"><highlight class="normal"><sp/><sp/><sp/><sp/>Q_PROPERTY(</highlight><highlight class="keywordtype">int</highlight><highlight class="normal"><sp/></highlight><highlight class="keywordtype">id</highlight><highlight class="normal"><sp/>READ<sp/></highlight><highlight class="keywordtype">id</highlight><highlight class="normal"><sp/>WRITE<sp/><ref refid="class_subject_1aeed3ff26555b6c55cd306d0f8f7567c4" kindref="member">setId</ref><sp/>NOTIFY<sp/><ref refid="class_subject_1a73848aad44e35db48b41e6cf7c427154" kindref="member">idChanged</ref>)</highlight></codeline>
<codeline lineno="30" refid="class_subject_1a816225e2744f102877f713f3123a6ba4" refkind="member"><highlight class="normal"><sp/><sp/><sp/><sp/>Q_PROPERTY(QString<sp/><ref refid="class_subject_1a816225e2744f102877f713f3123a6ba4" kindref="member">name</ref><sp/>READ<sp/><ref refid="class_subject_1a816225e2744f102877f713f3123a6ba4" kindref="member">name</ref><sp/>WRITE<sp/><ref refid="class_subject_1a166e4e70504f82b95571d97d794edf62" kindref="member">setName</ref><sp/>NOTIFY<sp/><ref refid="class_subject_1a3a8ec402a6d9dba40804eab265064c50" kindref="member">nameChanged</ref>)</highlight></codeline>
<codeline lineno="31"><highlight class="normal"><sp/><sp/><sp/><sp/></highlight></codeline>
<codeline lineno="32"><highlight class="normal">public:</highlight></codeline>
<codeline lineno="37"><highlight class="normal"><sp/><sp/><sp/><sp/>explicit<sp/><ref refid="class_subject_1ac78bedb24be6afb83b4fa334badc549b" kindref="member">Subject</ref>(QObject<sp/>*parent<sp/>=<sp/></highlight><highlight class="keywordtype">nullptr</highlight><highlight class="normal">);</highlight></codeline>
<codeline lineno="38"><highlight class="normal"><sp/><sp/><sp/><sp/></highlight></codeline>
<codeline lineno="45"><highlight class="normal"><sp/><sp/><sp/><sp/><ref refid="class_subject_1ac78bedb24be6afb83b4fa334badc549b" kindref="member">Subject</ref>(</highlight><highlight class="keywordtype">int</highlight><highlight class="normal"><sp/></highlight><highlight class="keywordtype">id</highlight><highlight class="normal">,<sp/>const<sp/>QString<sp/>&amp;<ref refid="class_subject_1a816225e2744f102877f713f3123a6ba4" kindref="member">name</ref>,<sp/>QObject<sp/>*parent<sp/>=<sp/></highlight><highlight class="keywordtype">nullptr</highlight><highlight class="normal">);</highlight></codeline>
<codeline lineno="46"><highlight class="normal"><sp/><sp/><sp/><sp/></highlight></codeline>
<codeline lineno="51"><highlight class="normal"><sp/><sp/><sp/><sp/></highlight><highlight class="keywordtype">int</highlight><highlight class="normal"><sp/></highlight><highlight class="keywordtype">id</highlight><highlight class="normal">()<sp/>const;</highlight></codeline>
<codeline lineno="52"><highlight class="normal"><sp/><sp/><sp/><sp/></highlight></codeline>
<codeline lineno="57"><highlight class="normal"><sp/><sp/><sp/><sp/></highlight><highlight class="keywordtype">void</highlight><highlight class="normal"><sp/><ref refid="class_subject_1aeed3ff26555b6c55cd306d0f8f7567c4" kindref="member">setId</ref>(</highlight><highlight class="keywordtype">int</highlight><highlight class="normal"><sp/></highlight><highlight class="keywordtype">id</highlight><highlight class="normal">);</highlight></codeline>
<codeline lineno="58"><highlight class="normal"><sp/><sp/><sp/><sp/></highlight></codeline>
<codeline lineno="63"><highlight class="normal"><sp/><sp/><sp/><sp/>QString<sp/><ref refid="class_subject_1a816225e2744f102877f713f3123a6ba4" kindref="member">name</ref>()<sp/>const;</highlight></codeline>
<codeline lineno="64"><highlight class="normal"><sp/><sp/><sp/><sp/></highlight></codeline>
<codeline lineno="69"><highlight class="normal"><sp/><sp/><sp/><sp/></highlight><highlight class="keywordtype">void</highlight><highlight class="normal"><sp/><ref refid="class_subject_1a166e4e70504f82b95571d97d794edf62" kindref="member">setName</ref>(const<sp/>QString<sp/>&amp;<ref refid="class_subject_1a816225e2744f102877f713f3123a6ba4" kindref="member">name</ref>);</highlight></codeline>
<codeline lineno="70"><highlight class="normal"><sp/><sp/><sp/><sp/></highlight></codeline>
<codeline lineno="75"><highlight class="normal"><sp/><sp/><sp/><sp/>QString<sp/><ref refid="class_subject_1a0368881172dc34239ae6f39fd2e2e5fa" kindref="member">toString</ref>()<sp/>const;</highlight></codeline>
<codeline lineno="76"><highlight class="normal"><sp/><sp/><sp/><sp/></highlight></codeline>
<codeline lineno="77"><highlight class="normal">signals:</highlight></codeline>
<codeline lineno="81" refid="class_subject_1a73848aad44e35db48b41e6cf7c427154" refkind="member"><highlight class="normal"><sp/><sp/><sp/><sp/></highlight><highlight class="keywordtype">void</highlight><highlight class="normal"><sp/><ref refid="class_subject_1a73848aad44e35db48b41e6cf7c427154" kindref="member">idChanged</ref>();</highlight></codeline>
<codeline lineno="82"><highlight class="normal"><sp/><sp/><sp/><sp/></highlight></codeline>
<codeline lineno="86" refid="class_subject_1a3a8ec402a6d9dba40804eab265064c50" refkind="member"><highlight class="normal"><sp/><sp/><sp/><sp/></highlight><highlight class="keywordtype">void</highlight><highlight class="normal"><sp/><ref refid="class_subject_1a3a8ec402a6d9dba40804eab265064c50" kindref="member">nameChanged</ref>();</highlight></codeline>
<codeline lineno="87"><highlight class="normal"><sp/><sp/><sp/><sp/></highlight></codeline>
<codeline lineno="88"><highlight class="normal">private:</highlight></codeline>
<codeline lineno="89"><highlight class="normal"><sp/><sp/><sp/><sp/></highlight><highlight class="keywordtype">int</highlight><highlight class="normal"><sp/>m_id;<sp/><sp/><sp/><sp/><sp/><sp/><sp/></highlight></codeline>
<codeline lineno="90"><highlight class="normal"><sp/><sp/><sp/><sp/>QString<sp/>m_name;<sp/></highlight></codeline>
<codeline lineno="91"><highlight class="normal">};</highlight></codeline>
<codeline lineno="92"><highlight class="normal"></highlight></codeline>
<codeline lineno="93"><highlight class="normal"></highlight><highlight class="preprocessor">#endif<sp/></highlight><highlight class="comment">//<sp/>SUBJECT_H</highlight><highlight class="normal"></highlight></codeline>
    </programlisting>
    <location file="src/models/Subject.h"/>
  </compounddef>
</doxygen>
