<?xml version='1.0' encoding='UTF-8' standalone='no'?>
<doxygen xmlns:xsi="http://www.w3.org/2001/XMLSchema-instance" xsi:noNamespaceSchemaLocation="compound.xsd" version="1.16.1" xml:lang="en-US">
  <compounddef id="_subject_8cpp" kind="file" language="C++">
    <compoundname>Subject.cpp</compoundname>
    <includes refid="_subject_8h" local="yes">Subject.h</includes>
    <incdepgraph>
      <node id="1">
        <label>src/models/Subject.cpp</label>
        <link refid="_subject_8cpp"/>
        <childnode refid="2" relation="include">
        </childnode>
      </node>
      <node id="2">
        <label>Subject.h</label>
        <link refid="_subject_8h"/>
        <childnode refid="3" relation="include">
        </childnode>
        <childnode refid="4" relation="include">
        </childnode>
      </node>
      <node id="3">
        <label>QObject</label>
      </node>
      <node id="4">
        <label>QString</label>
      </node>
    </incdepgraph>
    <briefdescription>
<para>Реализация класса <ref refid="class_subject" kindref="compound">Subject</ref>. </para>
    </briefdescription>
    <detaileddescription>
    </detaileddescription>
    <programlisting>
<codeline lineno="1"><highlight class="normal"></highlight></codeline>
<codeline lineno="6"><highlight class="normal"></highlight></codeline>
<codeline lineno="7"><highlight class="normal"></highlight><highlight class="preprocessor">#include<sp/>&quot;<ref refid="_subject_8h" kindref="compound">Subject.h</ref>&quot;</highlight><highlight class="normal"></highlight></codeline>
<codeline lineno="8"><highlight class="normal"></highlight></codeline>
<codeline lineno="13"><highlight class="normal"><ref refid="class_subject_1ac78bedb24be6afb83b4fa334badc549b" kindref="member">Subject::Subject</ref>(QObject<sp/>*parent)<sp/></highlight></codeline>
<codeline lineno="14"><highlight class="normal"><sp/><sp/><sp/><sp/>:<sp/>QObject(parent),<sp/>m_id(0)</highlight></codeline>
<codeline lineno="15"><highlight class="normal">{</highlight></codeline>
<codeline lineno="16"><highlight class="normal">}</highlight></codeline>
<codeline lineno="17"><highlight class="normal"></highlight></codeline>
<codeline lineno="24"><highlight class="normal"><ref refid="class_subject_1ac78bedb24be6afb83b4fa334badc549b" kindref="member">Subject::Subject</ref>(</highlight><highlight class="keywordtype">int</highlight><highlight class="normal"><sp/></highlight><highlight class="keywordtype">id</highlight><highlight class="normal">,<sp/></highlight><highlight class="keyword">const</highlight><highlight class="normal"><sp/>QString<sp/>&amp;name,<sp/>QObject<sp/>*parent)</highlight></codeline>
<codeline lineno="25"><highlight class="normal"><sp/><sp/><sp/><sp/>:<sp/>QObject(parent),<sp/>m_id(id),<sp/>m_name(name)</highlight></codeline>
<codeline lineno="26"><highlight class="normal">{</highlight></codeline>
<codeline lineno="27"><highlight class="normal">}</highlight></codeline>
<codeline lineno="28"><highlight class="normal"></highlight></codeline>
<codeline lineno="33"><highlight class="normal"></highlight><highlight class="keywordtype">int</highlight><highlight class="normal"><sp/><ref refid="class_subject_1a377b0647cc8da547c5cfc96aacad5b2f" kindref="member">Subject::id</ref>()</highlight><highlight class="keyword"><sp/>const</highlight></codeline>
<codeline lineno="34"><highlight class="keyword"></highlight><highlight class="normal">{</highlight></codeline>
<codeline lineno="35"><highlight class="normal"><sp/><sp/><sp/><sp/></highlight><highlight class="keywordflow">return</highlight><highlight class="normal"><sp/>m_id;</highlight></codeline>
<codeline lineno="36"><highlight class="normal">}</highlight></codeline>
<codeline lineno="37"><highlight class="normal"></highlight></codeline>
<codeline lineno="42"><highlight class="normal"></highlight><highlight class="keywordtype">void</highlight><highlight class="normal"><sp/><ref refid="class_subject_1aeed3ff26555b6c55cd306d0f8f7567c4" kindref="member">Subject::setId</ref>(</highlight><highlight class="keywordtype">int</highlight><highlight class="normal"><sp/></highlight><highlight class="keywordtype">id</highlight><highlight class="normal">)</highlight></codeline>
<codeline lineno="43"><highlight class="normal">{</highlight></codeline>
<codeline lineno="44"><highlight class="normal"><sp/><sp/><sp/><sp/></highlight><highlight class="keywordflow">if</highlight><highlight class="normal"><sp/>(m_id<sp/>!=<sp/></highlight><highlight class="keywordtype">id</highlight><highlight class="normal">)<sp/>{</highlight></codeline>
<codeline lineno="45"><highlight class="normal"><sp/><sp/><sp/><sp/><sp/><sp/><sp/><sp/>m_id<sp/>=<sp/><ref refid="class_subject_1a377b0647cc8da547c5cfc96aacad5b2f" kindref="member">id</ref>;</highlight></codeline>
<codeline lineno="46"><highlight class="normal"><sp/><sp/><sp/><sp/><sp/><sp/><sp/><sp/>emit<sp/><ref refid="class_subject_1a73848aad44e35db48b41e6cf7c427154" kindref="member">idChanged</ref>();</highlight></codeline>
<codeline lineno="47"><highlight class="normal"><sp/><sp/><sp/><sp/>}</highlight></codeline>
<codeline lineno="48"><highlight class="normal">}</highlight></codeline>
<codeline lineno="49"><highlight class="normal"></highlight></codeline>
<codeline lineno="54"><highlight class="normal">QString<sp/><ref refid="class_subject_1a816225e2744f102877f713f3123a6ba4" kindref="member">Subject::name</ref>()</highlight><highlight class="keyword"><sp/>const</highlight></codeline>
<codeline lineno="55"><highlight class="keyword"></highlight><highlight class="normal">{</highlight></codeline>
<codeline lineno="56"><highlight class="normal"><sp/><sp/><sp/><sp/></highlight><highlight class="keywordflow">return</highlight><highlight class="normal"><sp/>m_name;</highlight></codeline>
<codeline lineno="57"><highlight class="normal">}</highlight></codeline>
<codeline lineno="58"><highlight class="normal"></highlight></codeline>
<codeline lineno="63"><highlight class="normal"></highlight><highlight class="keywordtype">void</highlight><highlight class="normal"><sp/><ref refid="class_subject_1a166e4e70504f82b95571d97d794edf62" kindref="member">Subject::setName</ref>(</highlight><highlight class="keyword">const</highlight><highlight class="normal"><sp/>QString<sp/>&amp;name)</highlight></codeline>
<codeline lineno="64"><highlight class="normal">{</highlight></codeline>
<codeline lineno="65"><highlight class="normal"><sp/><sp/><sp/><sp/></highlight><highlight class="keywordflow">if</highlight><highlight class="normal"><sp/>(m_name<sp/>!=<sp/><ref refid="class_subject_1a816225e2744f102877f713f3123a6ba4" kindref="member">name</ref>)<sp/>{</highlight></codeline>
<codeline lineno="66"><highlight class="normal"><sp/><sp/><sp/><sp/><sp/><sp/><sp/><sp/>m_name<sp/>=<sp/><ref refid="class_subject_1a816225e2744f102877f713f3123a6ba4" kindref="member">name</ref>;</highlight></codeline>
<codeline lineno="67"><highlight class="normal"><sp/><sp/><sp/><sp/><sp/><sp/><sp/><sp/>emit<sp/><ref refid="class_subject_1a3a8ec402a6d9dba40804eab265064c50" kindref="member">nameChanged</ref>();</highlight></codeline>
<codeline lineno="68"><highlight class="normal"><sp/><sp/><sp/><sp/>}</highlight></codeline>
<codeline lineno="69"><highlight class="normal">}</highlight></codeline>
<codeline lineno="70"><highlight class="normal"></highlight></codeline>
<codeline lineno="75"><highlight class="normal">QString<sp/><ref refid="class_subject_1a0368881172dc34239ae6f39fd2e2e5fa" kindref="member">Subject::toString</ref>()</highlight><highlight class="keyword"><sp/>const</highlight></codeline>
<codeline lineno="76"><highlight class="keyword"></highlight><highlight class="normal">{</highlight></codeline>
<codeline lineno="77"><highlight class="normal"><sp/><sp/><sp/><sp/></highlight><highlight class="keywordflow">return</highlight><highlight class="normal"><sp/>QString(</highlight><highlight class="stringliteral">&quot;%1.<sp/>%2&quot;</highlight><highlight class="normal">).arg(m_id).arg(m_name);</highlight></codeline>
<codeline lineno="78"><highlight class="normal">}</highlight></codeline>
    </programlisting>
    <location file="src/models/Subject.cpp"/>
  </compounddef>
</doxygen>
