<?xml version='1.0' encoding='UTF-8' standalone='no'?>
<doxygen xmlns:xsi="http://www.w3.org/2001/XMLSchema-instance" xsi:noNamespaceSchemaLocation="compound.xsd" version="1.16.1" xml:lang="en-US">
  <compounddef id="_teacher_8h" kind="file" language="C++">
    <compoundname>Teacher.h</compoundname>
    <includes local="no">QObject</includes>
    <includes local="no">QString</includes>
    <includedby refid="_database_manager_8h" local="yes">src/models/DatabaseManager.h</includedby>
    <includedby refid="_teacher_8cpp" local="yes">src/models/Teacher.cpp</includedby>
    <includedby refid="_university_view_model_8h" local="yes">src/viewmodels/UniversityViewModel.h</includedby>
    <incdepgraph>
      <node id="1">
        <label>src/models/Teacher.h</label>
        <link refid="_teacher_8h"/>
        <childnode refid="2" relation="include">
        </childnode>
        <childnode refid="3" relation="include">
        </childnode>
      </node>
      <node id="2">
        <label>QObject</label>
      </node>
      <node id="3">
        <label>QString</label>
      </node>
    </incdepgraph>
    <invincdepgraph>
      <node id="5">
        <label>main.cpp</label>
        <link refid="main_8cpp"/>
      </node>
      <node id="3">
        <label>src/models/DatabaseManager.cpp</label>
        <link refid="_database_manager_8cpp"/>
      </node>
      <node id="2">
        <label>src/models/DatabaseManager.h</label>
        <link refid="_database_manager_8h"/>
        <childnode refid="3" relation="include">
        </childnode>
        <childnode refid="4" relation="include">
        </childnode>
      </node>
      <node id="7">
        <label>src/models/Teacher.cpp</label>
        <link refid="_teacher_8cpp"/>
      </node>
      <node id="1">
        <label>src/models/Teacher.h</label>
        <link refid="_teacher_8h"/>
        <childnode refid="2" relation="include">
        </childnode>
        <childnode refid="7" relation="include">
        </childnode>
        <childnode refid="4" relation="include">
        </childnode>
      </node>
      <node id="6">
        <label>src/viewmodels/UniversityViewModel.cpp</label>
        <link refid="_university_view_model_8cpp"/>
      </node>
      <node id="4">
        <label>src/viewmodels/UniversityViewModel.h</label>
        <link refid="_university_view_model_8h"/>
        <childnode refid="5" relation="include">
        </childnode>
        <childnode refid="6" relation="include">
        </childnode>
      </node>
    </invincdepgraph>
    <innerclass refid="class_teacher" prot="public">Teacher</innerclass>
    <briefdescription>
<para>Заголовочный файл класса <ref refid="class_teacher" kindref="compound">Teacher</ref>. </para>
    </briefdescription>
    <detaileddescription>
    </detaileddescription>
    <programlisting>
<codeline lineno="1"><highlight class="normal"></highlight></codeline>
<codeline lineno="23"><highlight class="normal"></highlight></codeline>
<codeline lineno="24"><highlight class="normal"></highlight><highlight class="preprocessor">#ifndef<sp/>TEACHER_H</highlight><highlight class="normal"></highlight></codeline>
<codeline lineno="25"><highlight class="normal"></highlight><highlight class="preprocessor">#define<sp/>TEACHER_H</highlight><highlight class="normal"></highlight></codeline>
<codeline lineno="26"><highlight class="normal"></highlight></codeline>
<codeline lineno="27"><highlight class="normal"></highlight><highlight class="preprocessor">#include<sp/>&lt;QObject&gt;</highlight><highlight class="normal"></highlight></codeline>
<codeline lineno="28"><highlight class="normal"></highlight><highlight class="preprocessor">#include<sp/>&lt;QString&gt;</highlight><highlight class="normal"></highlight></codeline>
<codeline lineno="29"><highlight class="normal"></highlight></codeline>
<codeline lineno="30" refid="class_teacher" refkind="compound"><highlight class="normal"></highlight><highlight class="keyword">class<sp/></highlight><highlight class="normal"><ref refid="class_teacher_1abf6951eae54db538295fc8ca31eb0e3f" kindref="member">Teacher</ref><sp/>:<sp/></highlight><highlight class="keyword">public</highlight><highlight class="normal"><sp/>QObject</highlight></codeline>
<codeline lineno="31"><highlight class="normal">{</highlight></codeline>
<codeline lineno="32"><highlight class="normal"><sp/><sp/><sp/><sp/>Q_OBJECT</highlight></codeline>
<codeline lineno="33" refid="class_teacher_1a11a47f241400b71e753b8149fc88d8dc" refkind="member"><highlight class="normal"><sp/><sp/><sp/><sp/>Q_PROPERTY(</highlight><highlight class="keywordtype">int</highlight><highlight class="normal"><sp/></highlight><highlight class="keywordtype">id</highlight><highlight class="normal"><sp/>READ<sp/></highlight><highlight class="keywordtype">id</highlight><highlight class="normal"><sp/>WRITE<sp/><ref refid="class_teacher_1a656b4b4da06c184d438220b1bf6ec5da" kindref="member">setId</ref><sp/>NOTIFY<sp/><ref refid="class_teacher_1a0c4bb8d2fc0760611849f3be92107cde" kindref="member">idChanged</ref>)</highlight></codeline>
<codeline lineno="34" refid="class_teacher_1abb17edb440cd863575b2f1507930cd41" refkind="member"><highlight class="normal"><sp/><sp/><sp/><sp/>Q_PROPERTY(QString<sp/><ref refid="class_teacher_1abb17edb440cd863575b2f1507930cd41" kindref="member">fullName</ref><sp/>READ<sp/><ref refid="class_teacher_1abb17edb440cd863575b2f1507930cd41" kindref="member">fullName</ref><sp/>WRITE<sp/><ref refid="class_teacher_1a05c6f765e56bd761ee2faeae7c39af8f" kindref="member">setFullName</ref><sp/>NOTIFY<sp/><ref refid="class_teacher_1a1bad6ac54875fb4e70c7db907e83eb03" kindref="member">fullNameChanged</ref>)</highlight></codeline>
<codeline lineno="35" refid="class_teacher_1a36065081c65905de6a0f0a4a6a4a2665" refkind="member"><highlight class="normal"><sp/><sp/><sp/><sp/>Q_PROPERTY(QString<sp/><ref refid="class_teacher_1a36065081c65905de6a0f0a4a6a4a2665" kindref="member">department</ref><sp/>READ<sp/><ref refid="class_teacher_1a36065081c65905de6a0f0a4a6a4a2665" kindref="member">department</ref><sp/>WRITE<sp/><ref refid="class_teacher_1ab71128289f503af699cc0a8a1fa7c76b" kindref="member">setDepartment</ref><sp/>NOTIFY<sp/><ref refid="class_teacher_1ae426f9e6a21e8532527523255269cce3" kindref="member">departmentChanged</ref>)</highlight></codeline>
<codeline lineno="36"><highlight class="normal"><sp/><sp/><sp/><sp/></highlight></codeline>
<codeline lineno="37"><highlight class="normal">public:</highlight></codeline>
<codeline lineno="42"><highlight class="normal"><sp/><sp/><sp/><sp/>explicit<sp/><ref refid="class_teacher_1abf6951eae54db538295fc8ca31eb0e3f" kindref="member">Teacher</ref>(QObject<sp/>*parent<sp/>=<sp/></highlight><highlight class="keywordtype">nullptr</highlight><highlight class="normal">);</highlight></codeline>
<codeline lineno="43"><highlight class="normal"><sp/><sp/><sp/><sp/></highlight></codeline>
<codeline lineno="51"><highlight class="normal"><sp/><sp/><sp/><sp/><ref refid="class_teacher_1abf6951eae54db538295fc8ca31eb0e3f" kindref="member">Teacher</ref>(</highlight><highlight class="keywordtype">int</highlight><highlight class="normal"><sp/></highlight><highlight class="keywordtype">id</highlight><highlight class="normal">,<sp/>const<sp/>QString<sp/>&amp;<ref refid="class_teacher_1abb17edb440cd863575b2f1507930cd41" kindref="member">fullName</ref>,<sp/>const<sp/>QString<sp/>&amp;<ref refid="class_teacher_1a36065081c65905de6a0f0a4a6a4a2665" kindref="member">department</ref>,<sp/>QObject<sp/>*parent<sp/>=<sp/></highlight><highlight class="keywordtype">nullptr</highlight><highlight class="normal">);</highlight></codeline>
<codeline lineno="52"><highlight class="normal"><sp/><sp/><sp/><sp/></highlight></codeline>
<codeline lineno="57"><highlight class="normal"><sp/><sp/><sp/><sp/></highlight><highlight class="keywordtype">int</highlight><highlight class="normal"><sp/></highlight><highlight class="keywordtype">id</highlight><highlight class="normal">()<sp/>const;</highlight></codeline>
<codeline lineno="58"><highlight class="normal"><sp/><sp/><sp/><sp/></highlight></codeline>
<codeline lineno="63"><highlight class="normal"><sp/><sp/><sp/><sp/></highlight><highlight class="keywordtype">void</highlight><highlight class="normal"><sp/><ref refid="class_teacher_1a656b4b4da06c184d438220b1bf6ec5da" kindref="member">setId</ref>(</highlight><highlight class="keywordtype">int</highlight><highlight class="normal"><sp/></highlight><highlight class="keywordtype">id</highlight><highlight class="normal">);</highlight></codeline>
<codeline lineno="64"><highlight class="normal"><sp/><sp/><sp/><sp/></highlight></codeline>
<codeline lineno="69"><highlight class="normal"><sp/><sp/><sp/><sp/>QString<sp/><ref refid="class_teacher_1abb17edb440cd863575b2f1507930cd41" kindref="member">fullName</ref>()<sp/>const;</highlight></codeline>
<codeline lineno="70"><highlight class="normal"><sp/><sp/><sp/><sp/></highlight></codeline>
<codeline lineno="75"><highlight class="normal"><sp/><sp/><sp/><sp/></highlight><highlight class="keywordtype">void</highlight><highlight class="normal"><sp/><ref refid="class_teacher_1a05c6f765e56bd761ee2faeae7c39af8f" kindref="member">setFullName</ref>(const<sp/>QString<sp/>&amp;<ref refid="class_teacher_1abb17edb440cd863575b2f1507930cd41" kindref="member">fullName</ref>);</highlight></codeline>
<codeline lineno="76"><highlight class="normal"><sp/><sp/><sp/><sp/></highlight></codeline>
<codeline lineno="81"><highlight class="normal"><sp/><sp/><sp/><sp/>QString<sp/><ref refid="class_teacher_1a36065081c65905de6a0f0a4a6a4a2665" kindref="member">department</ref>()<sp/>const;</highlight></codeline>
<codeline lineno="82"><highlight class="normal"><sp/><sp/><sp/><sp/></highlight></codeline>
<codeline lineno="87"><highlight class="normal"><sp/><sp/><sp/><sp/></highlight><highlight class="keywordtype">void</highlight><highlight class="normal"><sp/><ref refid="class_teacher_1ab71128289f503af699cc0a8a1fa7c76b" kindref="member">setDepartment</ref>(const<sp/>QString<sp/>&amp;<ref refid="class_teacher_1a36065081c65905de6a0f0a4a6a4a2665" kindref="member">department</ref>);</highlight></codeline>
<codeline lineno="88"><highlight class="normal"><sp/><sp/><sp/><sp/></highlight></codeline>
<codeline lineno="93"><highlight class="normal"><sp/><sp/><sp/><sp/>QString<sp/><ref refid="class_teacher_1ab37d0e399bc5077beb3c8db2cc8e66e7" kindref="member">toString</ref>()<sp/>const;</highlight></codeline>
<codeline lineno="94"><highlight class="normal"><sp/><sp/><sp/><sp/></highlight></codeline>
<codeline lineno="95"><highlight class="normal">signals:</highlight></codeline>
<codeline lineno="99" refid="class_teacher_1a0c4bb8d2fc0760611849f3be92107cde" refkind="member"><highlight class="normal"><sp/><sp/><sp/><sp/></highlight><highlight class="keywordtype">void</highlight><highlight class="normal"><sp/><ref refid="class_teacher_1a0c4bb8d2fc0760611849f3be92107cde" kindref="member">idChanged</ref>();</highlight></codeline>
<codeline lineno="100"><highlight class="normal"><sp/><sp/><sp/><sp/></highlight></codeline>
<codeline lineno="104" refid="class_teacher_1a1bad6ac54875fb4e70c7db907e83eb03" refkind="member"><highlight class="normal"><sp/><sp/><sp/><sp/></highlight><highlight class="keywordtype">void</highlight><highlight class="normal"><sp/><ref refid="class_teacher_1a1bad6ac54875fb4e70c7db907e83eb03" kindref="member">fullNameChanged</ref>();</highlight></codeline>
<codeline lineno="105"><highlight class="normal"><sp/><sp/><sp/><sp/></highlight></codeline>
<codeline lineno="109" refid="class_teacher_1ae426f9e6a21e8532527523255269cce3" refkind="member"><highlight class="normal"><sp/><sp/><sp/><sp/></highlight><highlight class="keywordtype">void</highlight><highlight class="normal"><sp/><ref refid="class_teacher_1ae426f9e6a21e8532527523255269cce3" kindref="member">departmentChanged</ref>();</highlight></codeline>
<codeline lineno="110"><highlight class="normal"><sp/><sp/><sp/><sp/></highlight></codeline>
<codeline lineno="111"><highlight class="normal">private:</highlight></codeline>
<codeline lineno="112"><highlight class="normal"><sp/><sp/><sp/><sp/></highlight><highlight class="keywordtype">int</highlight><highlight class="normal"><sp/>m_id;<sp/><sp/><sp/><sp/><sp/><sp/><sp/><sp/><sp/><sp/><sp/><sp/><sp/><sp/><sp/></highlight></codeline>
<codeline lineno="113"><highlight class="normal"><sp/><sp/><sp/><sp/>QString<sp/>m_fullName;<sp/><sp/><sp/><sp/><sp/></highlight></codeline>
<codeline lineno="114"><highlight class="normal"><sp/><sp/><sp/><sp/>QString<sp/>m_department;<sp/><sp/><sp/></highlight></codeline>
<codeline lineno="115"><highlight class="normal">};</highlight></codeline>
<codeline lineno="116"><highlight class="normal"></highlight></codeline>
<codeline lineno="117"><highlight class="normal"></highlight><highlight class="preprocessor">#endif<sp/></highlight><highlight class="comment">//<sp/>TEACHER_H</highlight><highlight class="normal"></highlight></codeline>
    </programlisting>
    <location file="src/models/Teacher.h"/>
  </compounddef>
</doxygen>
