<?xml version='1.0' encoding='UTF-8' standalone='no'?>
<doxygen xmlns:xsi="http://www.w3.org/2001/XMLSchema-instance" xsi:noNamespaceSchemaLocation="compound.xsd" version="1.16.1" xml:lang="en-US">
  <compounddef id="_teacher_8cpp" kind="file" language="C++">
    <compoundname>Teacher.cpp</compoundname>
    <includes refid="_teacher_8h" local="yes">Teacher.h</includes>
    <incdepgraph>
      <node id="1">
        <label>src/models/Teacher.cpp</label>
        <link refid="_teacher_8cpp"/>
        <childnode refid="2" relation="include">
        </childnode>
      </node>
      <node id="2">
        <label>Teacher.h</label>
        <link refid="_teacher_8h"/>
        <childnode refid="3" relation="include">
        </childnode>
        <childnode refid="4" relation="include">
        </childnode>
      </node>
      <node id="3">
        <label>QObject</label>
      </node>
      <node id="4">
        <label>QString</label>
      </node>
    </incdepgraph>
    <briefdescription>
<para>Реализация класса <ref refid="class_teacher" kindref="compound">Teacher</ref>. </para>
    </briefdescription>
    <detaileddescription>
    </detaileddescription>
    <programlisting>
<codeline lineno="1"><highlight class="normal"></highlight></codeline>
<codeline lineno="6"><highlight class="normal"></highlight></codeline>
<codeline lineno="7"><highlight class="normal"></highlight><highlight class="preprocessor">#include<sp/>&quot;<ref refid="_teacher_8h" kindref="compound">Teacher.h</ref>&quot;</highlight><highlight class="normal"></highlight></codeline>
<codeline lineno="8"><highlight class="normal"></highlight></codeline>
<codeline lineno="13"><highlight class="normal"><ref refid="class_teacher_1abf6951eae54db538295fc8ca31eb0e3f" kindref="member">Teacher::Teacher</ref>(QObject<sp/>*parent)<sp/></highlight></codeline>
<codeline lineno="14"><highlight class="normal"><sp/><sp/><sp/><sp/>:<sp/>QObject(parent),<sp/>m_id(0)</highlight></codeline>
<codeline lineno="15"><highlight class="normal">{</highlight></codeline>
<codeline lineno="16"><highlight class="normal">}</highlight></codeline>
<codeline lineno="17"><highlight class="normal"></highlight></codeline>
<codeline lineno="25"><highlight class="normal"><ref refid="class_teacher_1abf6951eae54db538295fc8ca31eb0e3f" kindref="member">Teacher::Teacher</ref>(</highlight><highlight class="keywordtype">int</highlight><highlight class="normal"><sp/></highlight><highlight class="keywordtype">id</highlight><highlight class="normal">,<sp/></highlight><highlight class="keyword">const</highlight><highlight class="normal"><sp/>QString<sp/>&amp;fullName,<sp/></highlight><highlight class="keyword">const</highlight><highlight class="normal"><sp/>QString<sp/>&amp;department,<sp/>QObject<sp/>*parent)</highlight></codeline>
<codeline lineno="26"><highlight class="normal"><sp/><sp/><sp/><sp/>:<sp/>QObject(parent),<sp/>m_id(id),<sp/>m_fullName(fullName),<sp/>m_department(department)</highlight></codeline>
<codeline lineno="27"><highlight class="normal">{</highlight></codeline>
<codeline lineno="28"><highlight class="normal">}</highlight></codeline>
<codeline lineno="29"><highlight class="normal"></highlight></codeline>
<codeline lineno="34"><highlight class="normal"></highlight><highlight class="keywordtype">int</highlight><highlight class="normal"><sp/><ref refid="class_teacher_1a11a47f241400b71e753b8149fc88d8dc" kindref="member">Teacher::id</ref>()</highlight><highlight class="keyword"><sp/>const</highlight></codeline>
<codeline lineno="35"><highlight class="keyword"></highlight><highlight class="normal">{</highlight></codeline>
<codeline lineno="36"><highlight class="normal"><sp/><sp/><sp/><sp/></highlight><highlight class="keywordflow">return</highlight><highlight class="normal"><sp/>m_id;</highlight></codeline>
<codeline lineno="37"><highlight class="normal">}</highlight></codeline>
<codeline lineno="38"><highlight class="normal"></highlight></codeline>
<codeline lineno="43"><highlight class="normal"></highlight><highlight class="keywordtype">void</highlight><highlight class="normal"><sp/><ref refid="class_teacher_1a656b4b4da06c184d438220b1bf6ec5da" kindref="member">Teacher::setId</ref>(</highlight><highlight class="keywordtype">int</highlight><highlight class="normal"><sp/></highlight><highlight class="keywordtype">id</highlight><highlight class="normal">)</highlight></codeline>
<codeline lineno="44"><highlight class="normal">{</highlight></codeline>
<codeline lineno="45"><highlight class="normal"><sp/><sp/><sp/><sp/></highlight><highlight class="keywordflow">if</highlight><highlight class="normal"><sp/>(m_id<sp/>!=<sp/></highlight><highlight class="keywordtype">id</highlight><highlight class="normal">)<sp/>{</highlight></codeline>
<codeline lineno="46"><highlight class="normal"><sp/><sp/><sp/><sp/><sp/><sp/><sp/><sp/>m_id<sp/>=<sp/><ref refid="class_teacher_1a11a47f241400b71e753b8149fc88d8dc" kindref="member">id</ref>;</highlight></codeline>
<codeline lineno="47"><highlight class="normal"><sp/><sp/><sp/><sp/><sp/><sp/><sp/><sp/>emit<sp/><ref refid="class_teacher_1a0c4bb8d2fc0760611849f3be92107cde" kindref="member">idChanged</ref>();</highlight></codeline>
<codeline lineno="48"><highlight class="normal"><sp/><sp/><sp/><sp/>}</highlight></codeline>
<codeline lineno="49"><highlight class="normal">}</highlight></codeline>
<codeline lineno="50"><highlight class="normal"></highlight></codeline>
<codeline lineno="55"><highlight class="normal">QString<sp/><ref refid="class_teacher_1abb17edb440cd863575b2f1507930cd41" kindref="member">Teacher::fullName</ref>()</highlight><highlight class="keyword"><sp/>const</highlight></codeline>
<codeline lineno="56"><highlight class="keyword"></highlight><highlight class="normal">{</highlight></codeline>
<codeline lineno="57"><highlight class="normal"><sp/><sp/><sp/><sp/></highlight><highlight class="keywordflow">return</highlight><highlight class="normal"><sp/>m_fullName;</highlight></codeline>
<codeline lineno="58"><highlight class="normal">}</highlight></codeline>
<codeline lineno="59"><highlight class="normal"></highlight></codeline>
<codeline lineno="64"><highlight class="normal"></highlight><highlight class="keywordtype">void</highlight><highlight class="normal"><sp/><ref refid="class_teacher_1a05c6f765e56bd761ee2faeae7c39af8f" kindref="member">Teacher::setFullName</ref>(</highlight><highlight class="keyword">const</highlight><highlight class="normal"><sp/>QString<sp/>&amp;fullName)</highlight></codeline>
<codeline lineno="65"><highlight class="normal">{</highlight></codeline>
<codeline lineno="66"><highlight class="normal"><sp/><sp/><sp/><sp/></highlight><highlight class="keywordflow">if</highlight><highlight class="normal"><sp/>(m_fullName<sp/>!=<sp/><ref refid="class_teacher_1abb17edb440cd863575b2f1507930cd41" kindref="member">fullName</ref>)<sp/>{</highlight></codeline>
<codeline lineno="67"><highlight class="normal"><sp/><sp/><sp/><sp/><sp/><sp/><sp/><sp/>m_fullName<sp/>=<sp/><ref refid="class_teacher_1abb17edb440cd863575b2f1507930cd41" kindref="member">fullName</ref>;</highlight></codeline>
<codeline lineno="68"><highlight class="normal"><sp/><sp/><sp/><sp/><sp/><sp/><sp/><sp/>emit<sp/><ref refid="class_teacher_1a1bad6ac54875fb4e70c7db907e83eb03" kindref="member">fullNameChanged</ref>();</highlight></codeline>
<codeline lineno="69"><highlight class="normal"><sp/><sp/><sp/><sp/>}</highlight></codeline>
<codeline lineno="70"><highlight class="normal">}</highlight></codeline>
<codeline lineno="71"><highlight class="normal"></highlight></codeline>
<codeline lineno="76"><highlight class="normal">QString<sp/><ref refid="class_teacher_1a36065081c65905de6a0f0a4a6a4a2665" kindref="member">Teacher::department</ref>()</highlight><highlight class="keyword"><sp/>const</highlight></codeline>
<codeline lineno="77"><highlight class="keyword"></highlight><highlight class="normal">{</highlight></codeline>
<codeline lineno="78"><highlight class="normal"><sp/><sp/><sp/><sp/></highlight><highlight class="keywordflow">return</highlight><highlight class="normal"><sp/>m_department;</highlight></codeline>
<codeline lineno="79"><highlight class="normal">}</highlight></codeline>
<codeline lineno="80"><highlight class="normal"></highlight></codeline>
<codeline lineno="85"><highlight class="normal"></highlight><highlight class="keywordtype">void</highlight><highlight class="normal"><sp/><ref refid="class_teacher_1ab71128289f503af699cc0a8a1fa7c76b" kindref="member">Teacher::setDepartment</ref>(</highlight><highlight class="keyword">const</highlight><highlight class="normal"><sp/>QString<sp/>&amp;department)</highlight></codeline>
<codeline lineno="86"><highlight class="normal">{</highlight></codeline>
<codeline lineno="87"><highlight class="normal"><sp/><sp/><sp/><sp/></highlight><highlight class="keywordflow">if</highlight><highlight class="normal"><sp/>(m_department<sp/>!=<sp/><ref refid="class_teacher_1a36065081c65905de6a0f0a4a6a4a2665" kindref="member">department</ref>)<sp/>{</highlight></codeline>
<codeline lineno="88"><highlight class="normal"><sp/><sp/><sp/><sp/><sp/><sp/><sp/><sp/>m_department<sp/>=<sp/><ref refid="class_teacher_1a36065081c65905de6a0f0a4a6a4a2665" kindref="member">department</ref>;</highlight></codeline>
<codeline lineno="89"><highlight class="normal"><sp/><sp/><sp/><sp/><sp/><sp/><sp/><sp/>emit<sp/><ref refid="class_teacher_1ae426f9e6a21e8532527523255269cce3" kindref="member">departmentChanged</ref>();</highlight></codeline>
<codeline lineno="90"><highlight class="normal"><sp/><sp/><sp/><sp/>}</highlight></codeline>
<codeline lineno="91"><highlight class="normal">}</highlight></codeline>
<codeline lineno="92"><highlight class="normal"></highlight></codeline>
<codeline lineno="97"><highlight class="normal">QString<sp/><ref refid="class_teacher_1ab37d0e399bc5077beb3c8db2cc8e66e7" kindref="member">Teacher::toString</ref>()</highlight><highlight class="keyword"><sp/>const</highlight></codeline>
<codeline lineno="98"><highlight class="keyword"></highlight><highlight class="normal">{</highlight></codeline>
<codeline lineno="99"><highlight class="normal"><sp/><sp/><sp/><sp/></highlight><highlight class="keywordflow">return</highlight><highlight class="normal"><sp/>QString(</highlight><highlight class="stringliteral">&quot;%1.<sp/>%2<sp/>(%3)&quot;</highlight><highlight class="normal">).arg(m_id).arg(m_fullName).arg(m_department);</highlight></codeline>
<codeline lineno="100"><highlight class="normal">}</highlight></codeline>
    </programlisting>
    <location file="src/models/Teacher.cpp"/>
  </compounddef>
</doxygen>
