<?xml version='1.0' encoding='UTF-8' standalone='no'?>
<doxygen xmlns:xsi="http://www.w3.org/2001/XMLSchema-instance" xsi:noNamespaceSchemaLocation="compound.xsd" version="1.16.1" xml:lang="en-US">
  <compounddef id="_university_view_model_8h" kind="file" language="C++">
    <compoundname>UniversityViewModel.h</compoundname>
    <includes local="no">QObject</includes>
    <includes local="no">QStringList</includes>
    <includes local="no">QAbstractListModel</includes>
    <includes refid="_database_manager_8h" local="yes">../models/DatabaseManager.h</includes>
    <includes refid="_teacher_8h" local="yes">../models/Teacher.h</includes>
    <includes refid="_student_8h" local="yes">../models/Student.h</includes>
    <includes refid="_subject_8h" local="yes">../models/Subject.h</includes>
    <includedby refid="main_8cpp" local="yes">main.cpp</includedby>
    <includedby refid="_university_view_model_8cpp" local="yes">src/viewmodels/UniversityViewModel.cpp</includedby>
    <incdepgraph>
      <node id="5">
        <label>../models/DatabaseManager.h</label>
        <link refid="_database_manager_8h"/>
        <childnode refid="2" relation="include">
        </childnode>
        <childnode refid="6" relation="include">
        </childnode>
        <childnode refid="7" relation="include">
        </childnode>
        <childnode refid="8" relation="include">
        </childnode>
        <childnode refid="9" relation="include">
        </childnode>
        <childnode refid="10" relation="include">
        </childnode>
        <childnode refid="11" relation="include">
        </childnode>
        <childnode refid="12" relation="include">
        </childnode>
      </node>
      <node id="11">
        <label>Student.h</label>
        <link refid="_student_8h"/>
        <childnode refid="2" relation="include">
        </childnode>
        <childnode refid="8" relation="include">
        </childnode>
      </node>
      <node id="12">
        <label>Subject.h</label>
        <link refid="_subject_8h"/>
        <childnode refid="2" relation="include">
        </childnode>
        <childnode refid="8" relation="include">
        </childnode>
      </node>
      <node id="10">
        <label>Teacher.h</label>
        <link refid="_teacher_8h"/>
        <childnode refid="2" relation="include">
        </childnode>
        <childnode refid="8" relation="include">
        </childnode>
      </node>
      <node id="1">
        <label>src/viewmodels/UniversityViewModel.h</label>
        <link refid="_university_view_model_8h"/>
        <childnode refid="2" relation="include">
        </childnode>
        <childnode refid="3" relation="include">
        </childnode>
        <childnode refid="4" relation="include">
        </childnode>
        <childnode refid="5" relation="include">
        </childnode>
        <childnode refid="10" relation="include">
        </childnode>
        <childnode refid="11" relation="include">
        </childnode>
        <childnode refid="12" relation="include">
        </childnode>
      </node>
      <node id="4">
        <label>QAbstractListModel</label>
      </node>
      <node id="9">
        <label>QList</label>
      </node>
      <node id="2">
        <label>QObject</label>
      </node>
      <node id="6">
        <label>QSqlDatabase</label>
      </node>
      <node id="7">
        <label>QSqlQuery</label>
      </node>
      <node id="8">
        <label>QString</label>
      </node>
      <node id="3">
        <label>QStringList</label>
      </node>
    </incdepgraph>
    <invincdepgraph>
      <node id="2">
        <label>main.cpp</label>
        <link refid="main_8cpp"/>
      </node>
      <node id="3">
        <label>src/viewmodels/UniversityViewModel.cpp</label>
        <link refid="_university_view_model_8cpp"/>
      </node>
      <node id="1">
        <label>src/viewmodels/UniversityViewModel.h</label>
        <link refid="_university_view_model_8h"/>
        <childnode refid="2" relation="include">
        </childnode>
        <childnode refid="3" relation="include">
        </childnode>
      </node>
    </invincdepgraph>
    <innerclass refid="class_university_view_model" prot="public">UniversityViewModel</innerclass>
    <briefdescription>
<para>Заголовочный файл класса <ref refid="class_university_view_model" kindref="compound">UniversityViewModel</ref>. </para>
    </briefdescription>
    <detaileddescription>
    </detaileddescription>
    <programlisting>
<codeline lineno="1"><highlight class="normal"></highlight></codeline>
<codeline lineno="30"><highlight class="normal"></highlight></codeline>
<codeline lineno="31"><highlight class="normal"></highlight><highlight class="preprocessor">#ifndef<sp/>UNIVERSITYVIEWMODEL_H</highlight><highlight class="normal"></highlight></codeline>
<codeline lineno="32"><highlight class="normal"></highlight><highlight class="preprocessor">#define<sp/>UNIVERSITYVIEWMODEL_H</highlight><highlight class="normal"></highlight></codeline>
<codeline lineno="33"><highlight class="normal"></highlight></codeline>
<codeline lineno="34"><highlight class="normal"></highlight><highlight class="preprocessor">#include<sp/>&lt;QObject&gt;</highlight><highlight class="normal"></highlight></codeline>
<codeline lineno="35"><highlight class="normal"></highlight><highlight class="preprocessor">#include<sp/>&lt;QStringList&gt;</highlight><highlight class="normal"></highlight></codeline>
<codeline lineno="36"><highlight class="normal"></highlight><highlight class="preprocessor">#include<sp/>&lt;QAbstractListModel&gt;</highlight><highlight class="normal"></highlight></codeline>
<codeline lineno="37"><highlight class="normal"></highlight><highlight class="preprocessor">#include<sp/>&quot;<ref refid="_database_manager_8h" kindref="compound">../models/DatabaseManager.h</ref>&quot;</highlight><highlight class="normal"></highlight></codeline>
<codeline lineno="38"><highlight class="normal"></highlight><highlight class="preprocessor">#include<sp/>&quot;<ref refid="_teacher_8h" kindref="compound">../models/Teacher.h</ref>&quot;</highlight><highlight class="normal"></highlight></codeline>
<codeline lineno="39"><highlight class="normal"></highlight><highlight class="preprocessor">#include<sp/>&quot;<ref refid="_student_8h" kindref="compound">../models/Student.h</ref>&quot;</highlight><highlight class="normal"></highlight></codeline>
<codeline lineno="40"><highlight class="normal"></highlight><highlight class="preprocessor">#include<sp/>&quot;<ref refid="_subject_8h" kindref="compound">../models/Subject.h</ref>&quot;</highlight><highlight class="normal"></highlight></codeline>
<codeline lineno="41"><highlight class="normal"></highlight></codeline>
<codeline lineno="42" refid="class_university_view_model" refkind="compound"><highlight class="normal"></highlight><highlight class="keyword">class<sp/></highlight><highlight class="normal"><ref refid="class_university_view_model_1a2b7a43f6407fe80c61a32172aaf95efe" kindref="member">UniversityViewModel</ref><sp/>:<sp/></highlight><highlight class="keyword">public</highlight><highlight class="normal"><sp/>QObject</highlight></codeline>
<codeline lineno="43"><highlight class="normal">{</highlight></codeline>
<codeline lineno="44"><highlight class="normal"><sp/><sp/><sp/><sp/>Q_OBJECT</highlight></codeline>
<codeline lineno="45" refid="class_university_view_model_1aee257b94583aa33bca5b9466f1fc0f13" refkind="member"><highlight class="normal"><sp/><sp/><sp/><sp/>Q_PROPERTY(QStringList<sp/><ref refid="class_university_view_model_1aee257b94583aa33bca5b9466f1fc0f13" kindref="member">teachers</ref><sp/>READ<sp/><ref refid="class_university_view_model_1aee257b94583aa33bca5b9466f1fc0f13" kindref="member">teachers</ref><sp/>NOTIFY<sp/><ref refid="class_university_view_model_1a4f3547b679e2498565a1efaed619f0b1" kindref="member">dataChanged</ref>)</highlight></codeline>
<codeline lineno="46" refid="class_university_view_model_1af0fcb1bc0b9d63016d67968660f8b6fe" refkind="member"><highlight class="normal"><sp/><sp/><sp/><sp/>Q_PROPERTY(QStringList<sp/><ref refid="class_university_view_model_1af0fcb1bc0b9d63016d67968660f8b6fe" kindref="member">students</ref><sp/>READ<sp/><ref refid="class_university_view_model_1af0fcb1bc0b9d63016d67968660f8b6fe" kindref="member">students</ref><sp/>NOTIFY<sp/><ref refid="class_university_view_model_1a4f3547b679e2498565a1efaed619f0b1" kindref="member">dataChanged</ref>)</highlight></codeline>
<codeline lineno="47" refid="class_university_view_model_1a23268e3bd77bf02f47b107a560b8eb1f" refkind="member"><highlight class="normal"><sp/><sp/><sp/><sp/>Q_PROPERTY(QStringList<sp/><ref refid="class_university_view_model_1a23268e3bd77bf02f47b107a560b8eb1f" kindref="member">subjects</ref><sp/>READ<sp/><ref refid="class_university_view_model_1a23268e3bd77bf02f47b107a560b8eb1f" kindref="member">subjects</ref><sp/>NOTIFY<sp/><ref refid="class_university_view_model_1a4f3547b679e2498565a1efaed619f0b1" kindref="member">dataChanged</ref>)</highlight></codeline>
<codeline lineno="48" refid="class_university_view_model_1ae2f05cabc7d523e1d8babb0256b020cc" refkind="member"><highlight class="normal"><sp/><sp/><sp/><sp/>Q_PROPERTY(</highlight><highlight class="keywordtype">int</highlight><highlight class="normal"><sp/><ref refid="class_university_view_model_1ae2f05cabc7d523e1d8babb0256b020cc" kindref="member">totalRecords</ref><sp/>READ<sp/><ref refid="class_university_view_model_1ae2f05cabc7d523e1d8babb0256b020cc" kindref="member">totalRecords</ref><sp/>NOTIFY<sp/><ref refid="class_university_view_model_1a4f3547b679e2498565a1efaed619f0b1" kindref="member">dataChanged</ref>)</highlight></codeline>
<codeline lineno="49" refid="class_university_view_model_1a1198c2612b4c33f02d17ad5b62a161be" refkind="member"><highlight class="normal"><sp/><sp/><sp/><sp/>Q_PROPERTY(</highlight><highlight class="keywordtype">bool</highlight><highlight class="normal"><sp/><ref refid="class_university_view_model_1a1198c2612b4c33f02d17ad5b62a161be" kindref="member">isConnected</ref><sp/>READ<sp/><ref refid="class_university_view_model_1a1198c2612b4c33f02d17ad5b62a161be" kindref="member">isConnected</ref><sp/>NOTIFY<sp/><ref refid="class_university_view_model_1a2328cec94e18e9b1df54cb7bf42f228b" kindref="member">connectionChanged</ref>)</highlight></codeline>
<codeline lineno="50"><highlight class="normal"><sp/><sp/><sp/><sp/></highlight></codeline>
<codeline lineno="51"><highlight class="normal">public:</highlight></codeline>
<codeline lineno="58"><highlight class="normal"><sp/><sp/><sp/><sp/>explicit<sp/><ref refid="class_university_view_model_1a2b7a43f6407fe80c61a32172aaf95efe" kindref="member">UniversityViewModel</ref>(QObject<sp/>*parent<sp/>=<sp/></highlight><highlight class="keywordtype">nullptr</highlight><highlight class="normal">);</highlight></codeline>
<codeline lineno="59"><highlight class="normal"><sp/><sp/><sp/><sp/></highlight></codeline>
<codeline lineno="63"><highlight class="normal"><sp/><sp/><sp/><sp/>~<ref refid="class_university_view_model_1a2b7a43f6407fe80c61a32172aaf95efe" kindref="member">UniversityViewModel</ref>();</highlight></codeline>
<codeline lineno="64"><highlight class="normal"><sp/><sp/><sp/><sp/></highlight></codeline>
<codeline lineno="69"><highlight class="normal"><sp/><sp/><sp/><sp/>QStringList<sp/><ref refid="class_university_view_model_1aee257b94583aa33bca5b9466f1fc0f13" kindref="member">teachers</ref>()<sp/>const;</highlight></codeline>
<codeline lineno="70"><highlight class="normal"><sp/><sp/><sp/><sp/></highlight></codeline>
<codeline lineno="75"><highlight class="normal"><sp/><sp/><sp/><sp/>QStringList<sp/><ref refid="class_university_view_model_1af0fcb1bc0b9d63016d67968660f8b6fe" kindref="member">students</ref>()<sp/>const;</highlight></codeline>
<codeline lineno="76"><highlight class="normal"><sp/><sp/><sp/><sp/></highlight></codeline>
<codeline lineno="81"><highlight class="normal"><sp/><sp/><sp/><sp/>QStringList<sp/><ref refid="class_university_view_model_1a23268e3bd77bf02f47b107a560b8eb1f" kindref="member">subjects</ref>()<sp/>const;</highlight></codeline>
<codeline lineno="82"><highlight class="normal"><sp/><sp/><sp/><sp/></highlight></codeline>
<codeline lineno="87"><highlight class="normal"><sp/><sp/><sp/><sp/></highlight><highlight class="keywordtype">int</highlight><highlight class="normal"><sp/><ref refid="class_university_view_model_1ae2f05cabc7d523e1d8babb0256b020cc" kindref="member">totalRecords</ref>()<sp/>const;</highlight></codeline>
<codeline lineno="88"><highlight class="normal"><sp/><sp/><sp/><sp/></highlight></codeline>
<codeline lineno="93"><highlight class="normal"><sp/><sp/><sp/><sp/></highlight><highlight class="keywordtype">bool</highlight><highlight class="normal"><sp/><ref refid="class_university_view_model_1a1198c2612b4c33f02d17ad5b62a161be" kindref="member">isConnected</ref>()<sp/>const;</highlight></codeline>
<codeline lineno="94"><highlight class="normal"><sp/><sp/><sp/><sp/></highlight></codeline>
<codeline lineno="101"><highlight class="normal"><sp/><sp/><sp/><sp/>Q_INVOKABLE<sp/></highlight><highlight class="keywordtype">bool</highlight><highlight class="normal"><sp/><ref refid="class_university_view_model_1a89c1c8896edbab53a69dc9681c2ae14b" kindref="member">addTeacher</ref>(const<sp/>QString<sp/>&amp;name,<sp/>const<sp/>QString<sp/>&amp;department);</highlight></codeline>
<codeline lineno="102"><highlight class="normal"><sp/><sp/><sp/><sp/></highlight></codeline>
<codeline lineno="109"><highlight class="normal"><sp/><sp/><sp/><sp/>Q_INVOKABLE<sp/></highlight><highlight class="keywordtype">bool</highlight><highlight class="normal"><sp/><ref refid="class_university_view_model_1ab05eeea75aa22665aaeb6b1997a8c687" kindref="member">addStudent</ref>(const<sp/>QString<sp/>&amp;name,<sp/></highlight><highlight class="keywordtype">int</highlight><highlight class="normal"><sp/>grade);</highlight></codeline>
<codeline lineno="110"><highlight class="normal"><sp/><sp/><sp/><sp/></highlight></codeline>
<codeline lineno="116"><highlight class="normal"><sp/><sp/><sp/><sp/>Q_INVOKABLE<sp/></highlight><highlight class="keywordtype">bool</highlight><highlight class="normal"><sp/><ref refid="class_university_view_model_1a6a693cc485e3d80a5c819f7bac5827b1" kindref="member">addSubject</ref>(const<sp/>QString<sp/>&amp;name);</highlight></codeline>
<codeline lineno="117"><highlight class="normal"><sp/><sp/><sp/><sp/></highlight></codeline>
<codeline lineno="123"><highlight class="normal"><sp/><sp/><sp/><sp/>Q_INVOKABLE<sp/></highlight><highlight class="keywordtype">bool</highlight><highlight class="normal"><sp/><ref refid="class_university_view_model_1ae5bd736d878445f3368e53e0e5d36d93" kindref="member">deleteTeacher</ref>(</highlight><highlight class="keywordtype">int</highlight><highlight class="normal"><sp/></highlight><highlight class="keywordtype">id</highlight><highlight class="normal">);</highlight></codeline>
<codeline lineno="124"><highlight class="normal"><sp/><sp/><sp/><sp/></highlight></codeline>
<codeline lineno="130"><highlight class="normal"><sp/><sp/><sp/><sp/>Q_INVOKABLE<sp/></highlight><highlight class="keywordtype">bool</highlight><highlight class="normal"><sp/><ref refid="class_university_view_model_1af29fe1a670045f9044889fe7dfd26fd7" kindref="member">deleteStudent</ref>(</highlight><highlight class="keywordtype">int</highlight><highlight class="normal"><sp/></highlight><highlight class="keywordtype">id</highlight><highlight class="normal">);</highlight></codeline>
<codeline lineno="131"><highlight class="normal"><sp/><sp/><sp/><sp/></highlight></codeline>
<codeline lineno="137"><highlight class="normal"><sp/><sp/><sp/><sp/>Q_INVOKABLE<sp/></highlight><highlight class="keywordtype">bool</highlight><highlight class="normal"><sp/><ref refid="class_university_view_model_1ac73a47dbc722fa61cfa22315c172e6b6" kindref="member">deleteSubject</ref>(</highlight><highlight class="keywordtype">int</highlight><highlight class="normal"><sp/></highlight><highlight class="keywordtype">id</highlight><highlight class="normal">);</highlight></codeline>
<codeline lineno="138"><highlight class="normal"><sp/><sp/><sp/><sp/></highlight></codeline>
<codeline lineno="142"><highlight class="normal"><sp/><sp/><sp/><sp/>Q_INVOKABLE<sp/></highlight><highlight class="keywordtype">void</highlight><highlight class="normal"><sp/><ref refid="class_university_view_model_1a7d92f81f646515989c75b53af7559986" kindref="member">refresh</ref>();</highlight></codeline>
<codeline lineno="143"><highlight class="normal"><sp/><sp/><sp/><sp/></highlight></codeline>
<codeline lineno="148"><highlight class="normal"><sp/><sp/><sp/><sp/>Q_INVOKABLE<sp/></highlight><highlight class="keywordtype">bool</highlight><highlight class="normal"><sp/><ref refid="class_university_view_model_1aff399499f7893b9e5e52bdafa989f8e4" kindref="member">connectToDatabase</ref>();</highlight></codeline>
<codeline lineno="149"><highlight class="normal"><sp/><sp/><sp/><sp/></highlight></codeline>
<codeline lineno="150"><highlight class="normal">signals:</highlight></codeline>
<codeline lineno="155" refid="class_university_view_model_1a4f3547b679e2498565a1efaed619f0b1" refkind="member"><highlight class="normal"><sp/><sp/><sp/><sp/></highlight><highlight class="keywordtype">void</highlight><highlight class="normal"><sp/><ref refid="class_university_view_model_1a4f3547b679e2498565a1efaed619f0b1" kindref="member">dataChanged</ref>();</highlight></codeline>
<codeline lineno="156"><highlight class="normal"><sp/><sp/><sp/><sp/></highlight></codeline>
<codeline lineno="160" refid="class_university_view_model_1a2328cec94e18e9b1df54cb7bf42f228b" refkind="member"><highlight class="normal"><sp/><sp/><sp/><sp/></highlight><highlight class="keywordtype">void</highlight><highlight class="normal"><sp/><ref refid="class_university_view_model_1a2328cec94e18e9b1df54cb7bf42f228b" kindref="member">connectionChanged</ref>();</highlight></codeline>
<codeline lineno="161"><highlight class="normal"><sp/><sp/><sp/><sp/></highlight></codeline>
<codeline lineno="166" refid="class_university_view_model_1a2562a1c19cc5eeefd36ede3b52187a39" refkind="member"><highlight class="normal"><sp/><sp/><sp/><sp/></highlight><highlight class="keywordtype">void</highlight><highlight class="normal"><sp/><ref refid="class_university_view_model_1a2562a1c19cc5eeefd36ede3b52187a39" kindref="member">errorOccurred</ref>(const<sp/>QString<sp/>&amp;message);</highlight></codeline>
<codeline lineno="167"><highlight class="normal"><sp/><sp/><sp/><sp/></highlight></codeline>
<codeline lineno="168"><highlight class="normal">private:</highlight></codeline>
<codeline lineno="172"><highlight class="normal"><sp/><sp/><sp/><sp/></highlight><highlight class="keywordtype">void</highlight><highlight class="normal"><sp/>updateTeachers();</highlight></codeline>
<codeline lineno="173"><highlight class="normal"><sp/><sp/><sp/><sp/></highlight></codeline>
<codeline lineno="177"><highlight class="normal"><sp/><sp/><sp/><sp/></highlight><highlight class="keywordtype">void</highlight><highlight class="normal"><sp/>updateStudents();</highlight></codeline>
<codeline lineno="178"><highlight class="normal"><sp/><sp/><sp/><sp/></highlight></codeline>
<codeline lineno="182"><highlight class="normal"><sp/><sp/><sp/><sp/></highlight><highlight class="keywordtype">void</highlight><highlight class="normal"><sp/>updateSubjects();</highlight></codeline>
<codeline lineno="183"><highlight class="normal"><sp/><sp/><sp/><sp/></highlight></codeline>
<codeline lineno="184"><highlight class="normal">private:</highlight></codeline>
<codeline lineno="185"><highlight class="normal"><sp/><sp/><sp/><sp/><ref refid="class_database_manager" kindref="compound">DatabaseManager</ref><sp/>*m_dbManager;<sp/><sp/><sp/></highlight></codeline>
<codeline lineno="186"><highlight class="normal"><sp/><sp/><sp/><sp/>QStringList<sp/>m_teachers;<sp/><sp/><sp/><sp/><sp/><sp/><sp/><sp/><sp/></highlight></codeline>
<codeline lineno="187"><highlight class="normal"><sp/><sp/><sp/><sp/>QStringList<sp/>m_students;<sp/><sp/><sp/><sp/><sp/><sp/><sp/><sp/><sp/></highlight></codeline>
<codeline lineno="188"><highlight class="normal"><sp/><sp/><sp/><sp/>QStringList<sp/>m_subjects;<sp/><sp/><sp/><sp/><sp/><sp/><sp/><sp/><sp/></highlight></codeline>
<codeline lineno="189"><highlight class="normal">};</highlight></codeline>
<codeline lineno="190"><highlight class="normal"></highlight></codeline>
<codeline lineno="191"><highlight class="normal"></highlight><highlight class="preprocessor">#endif<sp/></highlight><highlight class="comment">//<sp/>UNIVERSITYVIEWMODEL_H</highlight><highlight class="normal"></highlight></codeline>
    </programlisting>
    <location file="src/viewmodels/UniversityViewModel.h"/>
  </compounddef>
</doxygen>
