<?xml version='1.0' encoding='UTF-8' standalone='no'?>
<doxygen xmlns:xsi="http://www.w3.org/2001/XMLSchema-instance" xsi:noNamespaceSchemaLocation="compound.xsd" version="1.16.1" xml:lang="en-US">
  <compounddef id="_university_view_model_8cpp" kind="file" language="C++">
    <compoundname>UniversityViewModel.cpp</compoundname>
    <includes refid="_university_view_model_8h" local="yes">UniversityViewModel.h</includes>
    <includes local="no">QDebug</includes>
    <includes local="no">QTimer</includes>
    <includes local="no">QCoreApplication</includes>
    <incdepgraph>
      <node id="6">
        <label>../models/DatabaseManager.h</label>
        <link refid="_database_manager_8h"/>
        <childnode refid="3" relation="include">
        </childnode>
        <childnode refid="7" relation="include">
        </childnode>
        <childnode refid="8" relation="include">
        </childnode>
        <childnode refid="9" relation="include">
        </childnode>
        <childnode refid="10" relation="include">
        </childnode>
        <childnode refid="11" relation="include">
        </childnode>
        <childnode refid="12" relation="include">
        </childnode>
        <childnode refid="13" relation="include">
        </childnode>
      </node>
      <node id="12">
        <label>Student.h</label>
        <link refid="_student_8h"/>
        <childnode refid="3" relation="include">
        </childnode>
        <childnode refid="9" relation="include">
        </childnode>
      </node>
      <node id="13">
        <label>Subject.h</label>
        <link refid="_subject_8h"/>
        <childnode refid="3" relation="include">
        </childnode>
        <childnode refid="9" relation="include">
        </childnode>
      </node>
      <node id="11">
        <label>Teacher.h</label>
        <link refid="_teacher_8h"/>
        <childnode refid="3" relation="include">
        </childnode>
        <childnode refid="9" relation="include">
        </childnode>
      </node>
      <node id="1">
        <label>src/viewmodels/UniversityViewModel.cpp</label>
        <link refid="_university_view_model_8cpp"/>
        <childnode refid="2" relation="include">
        </childnode>
        <childnode refid="14" relation="include">
        </childnode>
        <childnode refid="15" relation="include">
        </childnode>
        <childnode refid="16" relation="include">
        </childnode>
      </node>
      <node id="2">
        <label>UniversityViewModel.h</label>
        <link refid="_university_view_model_8h"/>
        <childnode refid="3" relation="include">
        </childnode>
        <childnode refid="4" relation="include">
        </childnode>
        <childnode refid="5" relation="include">
        </childnode>
        <childnode refid="6" relation="include">
        </childnode>
        <childnode refid="11" relation="include">
        </childnode>
        <childnode refid="12" relation="include">
        </childnode>
        <childnode refid="13" relation="include">
        </childnode>
      </node>
      <node id="5">
        <label>QAbstractListModel</label>
      </node>
      <node id="16">
        <label>QCoreApplication</label>
      </node>
      <node id="14">
        <label>QDebug</label>
      </node>
      <node id="10">
        <label>QList</label>
      </node>
      <node id="3">
        <label>QObject</label>
      </node>
      <node id="7">
        <label>QSqlDatabase</label>
      </node>
      <node id="8">
        <label>QSqlQuery</label>
      </node>
      <node id="9">
        <label>QString</label>
      </node>
      <node id="4">
        <label>QStringList</label>
      </node>
      <node id="15">
        <label>QTimer</label>
      </node>
    </incdepgraph>
    <briefdescription>
<para>Реализация класса <ref refid="class_university_view_model" kindref="compound">UniversityViewModel</ref>. </para>
    </briefdescription>
    <detaileddescription>
    </detaileddescription>
    <programlisting>
<codeline lineno="1"><highlight class="normal"></highlight></codeline>
<codeline lineno="6"><highlight class="normal"></highlight></codeline>
<codeline lineno="7"><highlight class="normal"></highlight><highlight class="preprocessor">#include<sp/>&quot;<ref refid="_university_view_model_8h" kindref="compound">UniversityViewModel.h</ref>&quot;</highlight><highlight class="normal"></highlight></codeline>
<codeline lineno="8"><highlight class="normal"></highlight><highlight class="preprocessor">#include<sp/>&lt;QDebug&gt;</highlight><highlight class="normal"></highlight></codeline>
<codeline lineno="9"><highlight class="normal"></highlight><highlight class="preprocessor">#include<sp/>&lt;QTimer&gt;</highlight><highlight class="normal"><sp/></highlight></codeline>
<codeline lineno="10"><highlight class="normal"></highlight><highlight class="preprocessor">#include<sp/>&lt;QCoreApplication&gt;</highlight><highlight class="normal"></highlight></codeline>
<codeline lineno="11"><highlight class="normal"></highlight></codeline>
<codeline lineno="19"><highlight class="normal"><ref refid="class_university_view_model_1a2b7a43f6407fe80c61a32172aaf95efe" kindref="member">UniversityViewModel::UniversityViewModel</ref>(QObject<sp/>*parent)</highlight></codeline>
<codeline lineno="20"><highlight class="normal"><sp/><sp/><sp/><sp/>:<sp/>QObject(parent)</highlight></codeline>
<codeline lineno="21"><highlight class="normal"><sp/><sp/><sp/><sp/>,<sp/>m_dbManager(new<sp/><ref refid="class_database_manager" kindref="compound">DatabaseManager</ref>(this))</highlight></codeline>
<codeline lineno="22"><highlight class="normal">{</highlight></codeline>
<codeline lineno="23"><highlight class="normal"><sp/><sp/><sp/><sp/></highlight><highlight class="comment">//<sp/>Подключаем<sp/>сигналы<sp/>от<sp/>менеджера<sp/>БД</highlight><highlight class="normal"></highlight></codeline>
<codeline lineno="24"><highlight class="normal"><sp/><sp/><sp/><sp/>connect(m_dbManager,<sp/>&amp;<ref refid="class_database_manager_1a1db64961db807b5d816ffd358d93f0d2" kindref="member">DatabaseManager::dataChanged</ref>,<sp/></highlight><highlight class="keyword">this</highlight><highlight class="normal">,<sp/>&amp;<ref refid="class_university_view_model_1a7d92f81f646515989c75b53af7559986" kindref="member">UniversityViewModel::refresh</ref>);</highlight></codeline>
<codeline lineno="25"><highlight class="normal"><sp/><sp/><sp/><sp/>connect(m_dbManager,<sp/>&amp;<ref refid="class_database_manager_1a582b4461e77e9845e1ba5115b114d1d6" kindref="member">DatabaseManager::databaseConnected</ref>,<sp/></highlight><highlight class="keyword">this</highlight><highlight class="normal">,<sp/>[</highlight><highlight class="keyword">this</highlight><highlight class="normal">](</highlight><highlight class="keywordtype">bool</highlight><highlight class="normal"><sp/>success)<sp/>{</highlight></codeline>
<codeline lineno="26"><highlight class="normal"><sp/><sp/><sp/><sp/><sp/><sp/><sp/><sp/></highlight><highlight class="keywordflow">if</highlight><highlight class="normal"><sp/>(success)<sp/>{</highlight></codeline>
<codeline lineno="27"><highlight class="normal"><sp/><sp/><sp/><sp/><sp/><sp/><sp/><sp/><sp/><sp/><sp/><sp/>refresh();</highlight></codeline>
<codeline lineno="28"><highlight class="normal"><sp/><sp/><sp/><sp/><sp/><sp/><sp/><sp/>}</highlight></codeline>
<codeline lineno="29"><highlight class="normal"><sp/><sp/><sp/><sp/><sp/><sp/><sp/><sp/>emit<sp/>connectionChanged();</highlight></codeline>
<codeline lineno="30"><highlight class="normal"><sp/><sp/><sp/><sp/>});</highlight></codeline>
<codeline lineno="31"><highlight class="normal"><sp/><sp/><sp/><sp/></highlight></codeline>
<codeline lineno="32"><highlight class="normal"><sp/><sp/><sp/><sp/></highlight><highlight class="comment">//<sp/>Пытаемся<sp/>подключиться<sp/>к<sp/>БД<sp/>с<sp/>задержкой<sp/>(после<sp/>инициализации<sp/>UI)</highlight><highlight class="normal"></highlight></codeline>
<codeline lineno="33"><highlight class="normal"><sp/><sp/><sp/><sp/>QTimer::singleShot(0,<sp/></highlight><highlight class="keyword">this</highlight><highlight class="normal">,<sp/>&amp;<ref refid="class_university_view_model_1aff399499f7893b9e5e52bdafa989f8e4" kindref="member">UniversityViewModel::connectToDatabase</ref>);</highlight></codeline>
<codeline lineno="34"><highlight class="normal">}</highlight></codeline>
<codeline lineno="35"><highlight class="normal"></highlight></codeline>
<codeline lineno="41"><highlight class="normal"><ref refid="class_university_view_model_1a44faa8c8a4e9f016d0deb417ea14791b" kindref="member">UniversityViewModel::~UniversityViewModel</ref>()</highlight></codeline>
<codeline lineno="42"><highlight class="normal">{</highlight></codeline>
<codeline lineno="43"><highlight class="normal"><sp/><sp/><sp/><sp/></highlight><highlight class="comment">//<sp/>DatabaseManager<sp/>будет<sp/>удален<sp/>автоматически<sp/>как<sp/>дочерний<sp/>объект</highlight><highlight class="normal"></highlight></codeline>
<codeline lineno="44"><highlight class="normal">}</highlight></codeline>
<codeline lineno="45"><highlight class="normal"></highlight></codeline>
<codeline lineno="50"><highlight class="normal"></highlight><highlight class="keywordtype">bool</highlight><highlight class="normal"><sp/><ref refid="class_university_view_model_1aff399499f7893b9e5e52bdafa989f8e4" kindref="member">UniversityViewModel::connectToDatabase</ref>()</highlight></codeline>
<codeline lineno="51"><highlight class="normal">{</highlight></codeline>
<codeline lineno="52"><highlight class="normal"><sp/><sp/><sp/><sp/></highlight><highlight class="keywordflow">return</highlight><highlight class="normal"><sp/>m_dbManager-&gt;connectToDatabase();</highlight></codeline>
<codeline lineno="53"><highlight class="normal">}</highlight></codeline>
<codeline lineno="54"><highlight class="normal"></highlight></codeline>
<codeline lineno="59"><highlight class="normal"></highlight><highlight class="keywordtype">bool</highlight><highlight class="normal"><sp/><ref refid="class_university_view_model_1a1198c2612b4c33f02d17ad5b62a161be" kindref="member">UniversityViewModel::isConnected</ref>()</highlight><highlight class="keyword"><sp/>const</highlight></codeline>
<codeline lineno="60"><highlight class="keyword"></highlight><highlight class="normal">{</highlight></codeline>
<codeline lineno="61"><highlight class="normal"><sp/><sp/><sp/><sp/></highlight><highlight class="keywordflow">return</highlight><highlight class="normal"><sp/>m_dbManager-&gt;isConnected();</highlight></codeline>
<codeline lineno="62"><highlight class="normal">}</highlight></codeline>
<codeline lineno="63"><highlight class="normal"></highlight></codeline>
<codeline lineno="68"><highlight class="normal">QStringList<sp/><ref refid="class_university_view_model_1aee257b94583aa33bca5b9466f1fc0f13" kindref="member">UniversityViewModel::teachers</ref>()</highlight><highlight class="keyword"><sp/>const</highlight></codeline>
<codeline lineno="69"><highlight class="keyword"></highlight><highlight class="normal">{</highlight></codeline>
<codeline lineno="70"><highlight class="normal"><sp/><sp/><sp/><sp/></highlight><highlight class="keywordflow">return</highlight><highlight class="normal"><sp/>m_teachers;</highlight></codeline>
<codeline lineno="71"><highlight class="normal">}</highlight></codeline>
<codeline lineno="72"><highlight class="normal"></highlight></codeline>
<codeline lineno="77"><highlight class="normal">QStringList<sp/><ref refid="class_university_view_model_1af0fcb1bc0b9d63016d67968660f8b6fe" kindref="member">UniversityViewModel::students</ref>()</highlight><highlight class="keyword"><sp/>const</highlight></codeline>
<codeline lineno="78"><highlight class="keyword"></highlight><highlight class="normal">{</highlight></codeline>
<codeline lineno="79"><highlight class="normal"><sp/><sp/><sp/><sp/></highlight><highlight class="keywordflow">return</highlight><highlight class="normal"><sp/>m_students;</highlight></codeline>
<codeline lineno="80"><highlight class="normal">}</highlight></codeline>
<codeline lineno="81"><highlight class="normal"></highlight></codeline>
<codeline lineno="86"><highlight class="normal">QStringList<sp/><ref refid="class_university_view_model_1a23268e3bd77bf02f47b107a560b8eb1f" kindref="member">UniversityViewModel::subjects</ref>()</highlight><highlight class="keyword"><sp/>const</highlight></codeline>
<codeline lineno="87"><highlight class="keyword"></highlight><highlight class="normal">{</highlight></codeline>
<codeline lineno="88"><highlight class="normal"><sp/><sp/><sp/><sp/></highlight><highlight class="keywordflow">return</highlight><highlight class="normal"><sp/>m_subjects;</highlight></codeline>
<codeline lineno="89"><highlight class="normal">}</highlight></codeline>
<codeline lineno="90"><highlight class="normal"></highlight></codeline>
<codeline lineno="95"><highlight class="normal"></highlight><highlight class="keywordtype">int</highlight><highlight class="normal"><sp/><ref refid="class_university_view_model_1ae2f05cabc7d523e1d8babb0256b020cc" kindref="member">UniversityViewModel::totalRecords</ref>()</highlight><highlight class="keyword"><sp/>const</highlight></codeline>
<codeline lineno="96"><highlight class="keyword"></highlight><highlight class="normal">{</highlight></codeline>
<codeline lineno="97"><highlight class="normal"><sp/><sp/><sp/><sp/></highlight><highlight class="keywordflow">return</highlight><highlight class="normal"><sp/>m_teachers.size()<sp/>+<sp/>m_students.size()<sp/>+<sp/>m_subjects.size();</highlight></codeline>
<codeline lineno="98"><highlight class="normal">}</highlight></codeline>
<codeline lineno="99"><highlight class="normal"></highlight></codeline>
<codeline lineno="105"><highlight class="normal"></highlight><highlight class="keywordtype">void</highlight><highlight class="normal"><sp/>UniversityViewModel::updateTeachers()</highlight></codeline>
<codeline lineno="106"><highlight class="normal">{</highlight></codeline>
<codeline lineno="107"><highlight class="normal"><sp/><sp/><sp/><sp/>QList&lt;Teacher*&gt;<sp/>teacherList<sp/>=<sp/>m_dbManager-&gt;getAllTeachers();</highlight></codeline>
<codeline lineno="108"><highlight class="normal"><sp/><sp/><sp/><sp/>m_teachers.clear();</highlight></codeline>
<codeline lineno="109"><highlight class="normal"><sp/><sp/><sp/><sp/></highlight></codeline>
<codeline lineno="110"><highlight class="normal"><sp/><sp/><sp/><sp/></highlight><highlight class="keywordflow">for</highlight><highlight class="normal"><sp/>(Teacher<sp/>*teacher<sp/>:<sp/>teacherList)<sp/>{</highlight></codeline>
<codeline lineno="111"><highlight class="normal"><sp/><sp/><sp/><sp/><sp/><sp/><sp/><sp/>m_teachers.append(teacher-&gt;toString());</highlight></codeline>
<codeline lineno="112"><highlight class="normal"><sp/><sp/><sp/><sp/><sp/><sp/><sp/><sp/>teacher-&gt;deleteLater();<sp/></highlight><highlight class="comment">//<sp/>Очистка<sp/>памяти</highlight><highlight class="normal"></highlight></codeline>
<codeline lineno="113"><highlight class="normal"><sp/><sp/><sp/><sp/>}</highlight></codeline>
<codeline lineno="114"><highlight class="normal">}</highlight></codeline>
<codeline lineno="115"><highlight class="normal"></highlight></codeline>
<codeline lineno="121"><highlight class="normal"></highlight><highlight class="keywordtype">void</highlight><highlight class="normal"><sp/>UniversityViewModel::updateStudents()</highlight></codeline>
<codeline lineno="122"><highlight class="normal">{</highlight></codeline>
<codeline lineno="123"><highlight class="normal"><sp/><sp/><sp/><sp/>QList&lt;Student*&gt;<sp/>studentList<sp/>=<sp/>m_dbManager-&gt;getAllStudents();</highlight></codeline>
<codeline lineno="124"><highlight class="normal"><sp/><sp/><sp/><sp/>m_students.clear();</highlight></codeline>
<codeline lineno="125"><highlight class="normal"><sp/><sp/><sp/><sp/></highlight></codeline>
<codeline lineno="126"><highlight class="normal"><sp/><sp/><sp/><sp/></highlight><highlight class="keywordflow">for</highlight><highlight class="normal"><sp/>(Student<sp/>*student<sp/>:<sp/>studentList)<sp/>{</highlight></codeline>
<codeline lineno="127"><highlight class="normal"><sp/><sp/><sp/><sp/><sp/><sp/><sp/><sp/>m_students.append(student-&gt;toString());</highlight></codeline>
<codeline lineno="128"><highlight class="normal"><sp/><sp/><sp/><sp/><sp/><sp/><sp/><sp/>student-&gt;deleteLater();<sp/></highlight><highlight class="comment">//<sp/>Очистка<sp/>памяти</highlight><highlight class="normal"></highlight></codeline>
<codeline lineno="129"><highlight class="normal"><sp/><sp/><sp/><sp/>}</highlight></codeline>
<codeline lineno="130"><highlight class="normal">}</highlight></codeline>
<codeline lineno="131"><highlight class="normal"></highlight></codeline>
<codeline lineno="137"><highlight class="normal"></highlight><highlight class="keywordtype">void</highlight><highlight class="normal"><sp/>UniversityViewModel::updateSubjects()</highlight></codeline>
<codeline lineno="138"><highlight class="normal">{</highlight></codeline>
<codeline lineno="139"><highlight class="normal"><sp/><sp/><sp/><sp/>QList&lt;Subject*&gt;<sp/>subjectList<sp/>=<sp/>m_dbManager-&gt;getAllSubjects();</highlight></codeline>
<codeline lineno="140"><highlight class="normal"><sp/><sp/><sp/><sp/>m_subjects.clear();</highlight></codeline>
<codeline lineno="141"><highlight class="normal"><sp/><sp/><sp/><sp/></highlight></codeline>
<codeline lineno="142"><highlight class="normal"><sp/><sp/><sp/><sp/></highlight><highlight class="keywordflow">for</highlight><highlight class="normal"><sp/>(Subject<sp/>*subject<sp/>:<sp/>subjectList)<sp/>{</highlight></codeline>
<codeline lineno="143"><highlight class="normal"><sp/><sp/><sp/><sp/><sp/><sp/><sp/><sp/>m_subjects.append(subject-&gt;toString());</highlight></codeline>
<codeline lineno="144"><highlight class="normal"><sp/><sp/><sp/><sp/><sp/><sp/><sp/><sp/>subject-&gt;deleteLater();<sp/></highlight><highlight class="comment">//<sp/>Очистка<sp/>памяти</highlight><highlight class="normal"></highlight></codeline>
<codeline lineno="145"><highlight class="normal"><sp/><sp/><sp/><sp/>}</highlight></codeline>
<codeline lineno="146"><highlight class="normal">}</highlight></codeline>
<codeline lineno="147"><highlight class="normal"></highlight></codeline>
<codeline lineno="154"><highlight class="normal"></highlight><highlight class="keywordtype">bool</highlight><highlight class="normal"><sp/><ref refid="class_university_view_model_1a89c1c8896edbab53a69dc9681c2ae14b" kindref="member">UniversityViewModel::addTeacher</ref>(</highlight><highlight class="keyword">const</highlight><highlight class="normal"><sp/>QString<sp/>&amp;name,<sp/></highlight><highlight class="keyword">const</highlight><highlight class="normal"><sp/>QString<sp/>&amp;department)</highlight></codeline>
<codeline lineno="155"><highlight class="normal">{</highlight></codeline>
<codeline lineno="156"><highlight class="normal"><sp/><sp/><sp/><sp/></highlight><highlight class="keywordflow">if</highlight><highlight class="normal"><sp/>(name.isEmpty()<sp/>||<sp/>department.isEmpty())<sp/>{</highlight></codeline>
<codeline lineno="157"><highlight class="normal"><sp/><sp/><sp/><sp/><sp/><sp/><sp/><sp/>emit<sp/><ref refid="class_university_view_model_1a2562a1c19cc5eeefd36ede3b52187a39" kindref="member">errorOccurred</ref>(</highlight><highlight class="stringliteral">&quot;Имя<sp/>и<sp/>кафедра<sp/>не<sp/>могут<sp/>быть<sp/>пустыми&quot;</highlight><highlight class="normal">);</highlight></codeline>
<codeline lineno="158"><highlight class="normal"><sp/><sp/><sp/><sp/><sp/><sp/><sp/><sp/></highlight><highlight class="keywordflow">return</highlight><highlight class="normal"><sp/></highlight><highlight class="keyword">false</highlight><highlight class="normal">;</highlight></codeline>
<codeline lineno="159"><highlight class="normal"><sp/><sp/><sp/><sp/>}</highlight></codeline>
<codeline lineno="160"><highlight class="normal"><sp/><sp/><sp/><sp/></highlight></codeline>
<codeline lineno="161"><highlight class="normal"><sp/><sp/><sp/><sp/></highlight><highlight class="keywordtype">bool</highlight><highlight class="normal"><sp/>success<sp/>=<sp/>m_dbManager-&gt;addTeacher(name,<sp/>department);</highlight></codeline>
<codeline lineno="162"><highlight class="normal"><sp/><sp/><sp/><sp/></highlight><highlight class="keywordflow">if</highlight><highlight class="normal"><sp/>(success)<sp/>{</highlight></codeline>
<codeline lineno="163"><highlight class="normal"><sp/><sp/><sp/><sp/><sp/><sp/><sp/><sp/>qDebug()<sp/>&lt;&lt;<sp/></highlight><highlight class="stringliteral">&quot;Преподаватель<sp/>добавлен:&quot;</highlight><highlight class="normal"><sp/>&lt;&lt;<sp/>name;</highlight></codeline>
<codeline lineno="164"><highlight class="normal"><sp/><sp/><sp/><sp/><sp/><sp/><sp/><sp/><ref refid="class_university_view_model_1a7d92f81f646515989c75b53af7559986" kindref="member">refresh</ref>();</highlight></codeline>
<codeline lineno="165"><highlight class="normal"><sp/><sp/><sp/><sp/>}<sp/></highlight><highlight class="keywordflow">else</highlight><highlight class="normal"><sp/>{</highlight></codeline>
<codeline lineno="166"><highlight class="normal"><sp/><sp/><sp/><sp/><sp/><sp/><sp/><sp/>emit<sp/><ref refid="class_university_view_model_1a2562a1c19cc5eeefd36ede3b52187a39" kindref="member">errorOccurred</ref>(</highlight><highlight class="stringliteral">&quot;Не<sp/>удалось<sp/>добавить<sp/>преподавателя&quot;</highlight><highlight class="normal">);</highlight></codeline>
<codeline lineno="167"><highlight class="normal"><sp/><sp/><sp/><sp/>}</highlight></codeline>
<codeline lineno="168"><highlight class="normal"><sp/><sp/><sp/><sp/></highlight><highlight class="keywordflow">return</highlight><highlight class="normal"><sp/>success;</highlight></codeline>
<codeline lineno="169"><highlight class="normal">}</highlight></codeline>
<codeline lineno="170"><highlight class="normal"></highlight></codeline>
<codeline lineno="177"><highlight class="normal"></highlight><highlight class="keywordtype">bool</highlight><highlight class="normal"><sp/><ref refid="class_university_view_model_1ab05eeea75aa22665aaeb6b1997a8c687" kindref="member">UniversityViewModel::addStudent</ref>(</highlight><highlight class="keyword">const</highlight><highlight class="normal"><sp/>QString<sp/>&amp;name,<sp/></highlight><highlight class="keywordtype">int</highlight><highlight class="normal"><sp/>grade)</highlight></codeline>
<codeline lineno="178"><highlight class="normal">{</highlight></codeline>
<codeline lineno="179"><highlight class="normal"><sp/><sp/><sp/><sp/></highlight><highlight class="keywordflow">if</highlight><highlight class="normal"><sp/>(name.isEmpty())<sp/>{</highlight></codeline>
<codeline lineno="180"><highlight class="normal"><sp/><sp/><sp/><sp/><sp/><sp/><sp/><sp/>emit<sp/><ref refid="class_university_view_model_1a2562a1c19cc5eeefd36ede3b52187a39" kindref="member">errorOccurred</ref>(</highlight><highlight class="stringliteral">&quot;Имя<sp/>не<sp/>может<sp/>быть<sp/>пустым&quot;</highlight><highlight class="normal">);</highlight></codeline>
<codeline lineno="181"><highlight class="normal"><sp/><sp/><sp/><sp/><sp/><sp/><sp/><sp/></highlight><highlight class="keywordflow">return</highlight><highlight class="normal"><sp/></highlight><highlight class="keyword">false</highlight><highlight class="normal">;</highlight></codeline>
<codeline lineno="182"><highlight class="normal"><sp/><sp/><sp/><sp/>}</highlight></codeline>
<codeline lineno="183"><highlight class="normal"><sp/><sp/><sp/><sp/></highlight></codeline>
<codeline lineno="184"><highlight class="normal"><sp/><sp/><sp/><sp/></highlight><highlight class="keywordflow">if</highlight><highlight class="normal"><sp/>(grade<sp/>&lt;<sp/>1<sp/>||<sp/>grade<sp/>&gt;<sp/>5)<sp/>{</highlight></codeline>
<codeline lineno="185"><highlight class="normal"><sp/><sp/><sp/><sp/><sp/><sp/><sp/><sp/>emit<sp/><ref refid="class_university_view_model_1a2562a1c19cc5eeefd36ede3b52187a39" kindref="member">errorOccurred</ref>(</highlight><highlight class="stringliteral">&quot;Оценка<sp/>должна<sp/>быть<sp/>от<sp/>1<sp/>до<sp/>5&quot;</highlight><highlight class="normal">);</highlight></codeline>
<codeline lineno="186"><highlight class="normal"><sp/><sp/><sp/><sp/><sp/><sp/><sp/><sp/></highlight><highlight class="keywordflow">return</highlight><highlight class="normal"><sp/></highlight><highlight class="keyword">false</highlight><highlight class="normal">;</highlight></codeline>
<codeline lineno="187"><highlight class="normal"><sp/><sp/><sp/><sp/>}</highlight></codeline>
<codeline lineno="188"><highlight class="normal"><sp/><sp/><sp/><sp/></highlight></codeline>
<codeline lineno="189"><highlight class="normal"><sp/><sp/><sp/><sp/></highlight><highlight class="keywordtype">bool</highlight><highlight class="normal"><sp/>success<sp/>=<sp/>m_dbManager-&gt;addStudent(name,<sp/>grade);</highlight></codeline>
<codeline lineno="190"><highlight class="normal"><sp/><sp/><sp/><sp/></highlight><highlight class="keywordflow">if</highlight><highlight class="normal"><sp/>(success)<sp/>{</highlight></codeline>
<codeline lineno="191"><highlight class="normal"><sp/><sp/><sp/><sp/><sp/><sp/><sp/><sp/>qDebug()<sp/>&lt;&lt;<sp/></highlight><highlight class="stringliteral">&quot;Студент<sp/>добавлен:&quot;</highlight><highlight class="normal"><sp/>&lt;&lt;<sp/>name;</highlight></codeline>
<codeline lineno="192"><highlight class="normal"><sp/><sp/><sp/><sp/><sp/><sp/><sp/><sp/><ref refid="class_university_view_model_1a7d92f81f646515989c75b53af7559986" kindref="member">refresh</ref>();</highlight></codeline>
<codeline lineno="193"><highlight class="normal"><sp/><sp/><sp/><sp/>}<sp/></highlight><highlight class="keywordflow">else</highlight><highlight class="normal"><sp/>{</highlight></codeline>
<codeline lineno="194"><highlight class="normal"><sp/><sp/><sp/><sp/><sp/><sp/><sp/><sp/>emit<sp/><ref refid="class_university_view_model_1a2562a1c19cc5eeefd36ede3b52187a39" kindref="member">errorOccurred</ref>(</highlight><highlight class="stringliteral">&quot;Не<sp/>удалось<sp/>добавить<sp/>студента&quot;</highlight><highlight class="normal">);</highlight></codeline>
<codeline lineno="195"><highlight class="normal"><sp/><sp/><sp/><sp/>}</highlight></codeline>
<codeline lineno="196"><highlight class="normal"><sp/><sp/><sp/><sp/></highlight><highlight class="keywordflow">return</highlight><highlight class="normal"><sp/>success;</highlight></codeline>
<codeline lineno="197"><highlight class="normal">}</highlight></codeline>
<codeline lineno="198"><highlight class="normal"></highlight></codeline>
<codeline lineno="204"><highlight class="normal"></highlight><highlight class="keywordtype">bool</highlight><highlight class="normal"><sp/><ref refid="class_university_view_model_1a6a693cc485e3d80a5c819f7bac5827b1" kindref="member">UniversityViewModel::addSubject</ref>(</highlight><highlight class="keyword">const</highlight><highlight class="normal"><sp/>QString<sp/>&amp;name)</highlight></codeline>
<codeline lineno="205"><highlight class="normal">{</highlight></codeline>
<codeline lineno="206"><highlight class="normal"><sp/><sp/><sp/><sp/></highlight><highlight class="keywordflow">if</highlight><highlight class="normal"><sp/>(name.isEmpty())<sp/>{</highlight></codeline>
<codeline lineno="207"><highlight class="normal"><sp/><sp/><sp/><sp/><sp/><sp/><sp/><sp/>emit<sp/><ref refid="class_university_view_model_1a2562a1c19cc5eeefd36ede3b52187a39" kindref="member">errorOccurred</ref>(</highlight><highlight class="stringliteral">&quot;Название<sp/>предмета<sp/>не<sp/>может<sp/>быть<sp/>пустым&quot;</highlight><highlight class="normal">);</highlight></codeline>
<codeline lineno="208"><highlight class="normal"><sp/><sp/><sp/><sp/><sp/><sp/><sp/><sp/></highlight><highlight class="keywordflow">return</highlight><highlight class="normal"><sp/></highlight><highlight class="keyword">false</highlight><highlight class="normal">;</highlight></codeline>
<codeline lineno="209"><highlight class="normal"><sp/><sp/><sp/><sp/>}</highlight></codeline>
<codeline lineno="210"><highlight class="normal"><sp/><sp/><sp/><sp/></highlight></codeline>
<codeline lineno="211"><highlight class="normal"><sp/><sp/><sp/><sp/></highlight><highlight class="keywordtype">bool</highlight><highlight class="normal"><sp/>success<sp/>=<sp/>m_dbManager-&gt;addSubject(name);</highlight></codeline>
<codeline lineno="212"><highlight class="normal"><sp/><sp/><sp/><sp/></highlight><highlight class="keywordflow">if</highlight><highlight class="normal"><sp/>(success)<sp/>{</highlight></codeline>
<codeline lineno="213"><highlight class="normal"><sp/><sp/><sp/><sp/><sp/><sp/><sp/><sp/>qDebug()<sp/>&lt;&lt;<sp/></highlight><highlight class="stringliteral">&quot;Предмет<sp/>добавлен:&quot;</highlight><highlight class="normal"><sp/>&lt;&lt;<sp/>name;</highlight></codeline>
<codeline lineno="214"><highlight class="normal"><sp/><sp/><sp/><sp/><sp/><sp/><sp/><sp/><ref refid="class_university_view_model_1a7d92f81f646515989c75b53af7559986" kindref="member">refresh</ref>();</highlight></codeline>
<codeline lineno="215"><highlight class="normal"><sp/><sp/><sp/><sp/>}<sp/></highlight><highlight class="keywordflow">else</highlight><highlight class="normal"><sp/>{</highlight></codeline>
<codeline lineno="216"><highlight class="normal"><sp/><sp/><sp/><sp/><sp/><sp/><sp/><sp/>emit<sp/><ref refid="class_university_view_model_1a2562a1c19cc5eeefd36ede3b52187a39" kindref="member">errorOccurred</ref>(</highlight><highlight class="stringliteral">&quot;Не<sp/>удалось<sp/>добавить<sp/>предмет&quot;</highlight><highlight class="normal">);</highlight></codeline>
<codeline lineno="217"><highlight class="normal"><sp/><sp/><sp/><sp/>}</highlight></codeline>
<codeline lineno="218"><highlight class="normal"><sp/><sp/><sp/><sp/></highlight><highlight class="keywordflow">return</highlight><highlight class="normal"><sp/>success;</highlight></codeline>
<codeline lineno="219"><highlight class="normal">}</highlight></codeline>
<codeline lineno="220"><highlight class="normal"></highlight></codeline>
<codeline lineno="226"><highlight class="normal"></highlight><highlight class="keywordtype">bool</highlight><highlight class="normal"><sp/><ref refid="class_university_view_model_1ae5bd736d878445f3368e53e0e5d36d93" kindref="member">UniversityViewModel::deleteTeacher</ref>(</highlight><highlight class="keywordtype">int</highlight><highlight class="normal"><sp/></highlight><highlight class="keywordtype">id</highlight><highlight class="normal">)</highlight></codeline>
<codeline lineno="227"><highlight class="normal">{</highlight></codeline>
<codeline lineno="228"><highlight class="normal"><sp/><sp/><sp/><sp/></highlight><highlight class="keywordtype">bool</highlight><highlight class="normal"><sp/>success<sp/>=<sp/>m_dbManager-&gt;deleteTeacher(</highlight><highlight class="keywordtype">id</highlight><highlight class="normal">);</highlight></codeline>
<codeline lineno="229"><highlight class="normal"><sp/><sp/><sp/><sp/></highlight><highlight class="keywordflow">if</highlight><highlight class="normal"><sp/>(success)<sp/>{</highlight></codeline>
<codeline lineno="230"><highlight class="normal"><sp/><sp/><sp/><sp/><sp/><sp/><sp/><sp/>qDebug()<sp/>&lt;&lt;<sp/></highlight><highlight class="stringliteral">&quot;Преподаватель<sp/>удален,<sp/>ID:&quot;</highlight><highlight class="normal"><sp/>&lt;&lt;<sp/>id;</highlight></codeline>
<codeline lineno="231"><highlight class="normal"><sp/><sp/><sp/><sp/><sp/><sp/><sp/><sp/><ref refid="class_university_view_model_1a7d92f81f646515989c75b53af7559986" kindref="member">refresh</ref>();</highlight></codeline>
<codeline lineno="232"><highlight class="normal"><sp/><sp/><sp/><sp/>}<sp/></highlight><highlight class="keywordflow">else</highlight><highlight class="normal"><sp/>{</highlight></codeline>
<codeline lineno="233"><highlight class="normal"><sp/><sp/><sp/><sp/><sp/><sp/><sp/><sp/>emit<sp/><ref refid="class_university_view_model_1a2562a1c19cc5eeefd36ede3b52187a39" kindref="member">errorOccurred</ref>(</highlight><highlight class="stringliteral">&quot;Не<sp/>удалось<sp/>удалить<sp/>преподавателя&quot;</highlight><highlight class="normal">);</highlight></codeline>
<codeline lineno="234"><highlight class="normal"><sp/><sp/><sp/><sp/>}</highlight></codeline>
<codeline lineno="235"><highlight class="normal"><sp/><sp/><sp/><sp/></highlight><highlight class="keywordflow">return</highlight><highlight class="normal"><sp/>success;</highlight></codeline>
<codeline lineno="236"><highlight class="normal">}</highlight></codeline>
<codeline lineno="237"><highlight class="normal"></highlight></codeline>
<codeline lineno="243"><highlight class="normal"></highlight><highlight class="keywordtype">bool</highlight><highlight class="normal"><sp/><ref refid="class_university_view_model_1af29fe1a670045f9044889fe7dfd26fd7" kindref="member">UniversityViewModel::deleteStudent</ref>(</highlight><highlight class="keywordtype">int</highlight><highlight class="normal"><sp/></highlight><highlight class="keywordtype">id</highlight><highlight class="normal">)</highlight></codeline>
<codeline lineno="244"><highlight class="normal">{</highlight></codeline>
<codeline lineno="245"><highlight class="normal"><sp/><sp/><sp/><sp/></highlight><highlight class="keywordtype">bool</highlight><highlight class="normal"><sp/>success<sp/>=<sp/>m_dbManager-&gt;deleteStudent(</highlight><highlight class="keywordtype">id</highlight><highlight class="normal">);</highlight></codeline>
<codeline lineno="246"><highlight class="normal"><sp/><sp/><sp/><sp/></highlight><highlight class="keywordflow">if</highlight><highlight class="normal"><sp/>(success)<sp/>{</highlight></codeline>
<codeline lineno="247"><highlight class="normal"><sp/><sp/><sp/><sp/><sp/><sp/><sp/><sp/>qDebug()<sp/>&lt;&lt;<sp/></highlight><highlight class="stringliteral">&quot;Студент<sp/>удален,<sp/>ID:&quot;</highlight><highlight class="normal"><sp/>&lt;&lt;<sp/>id;</highlight></codeline>
<codeline lineno="248"><highlight class="normal"><sp/><sp/><sp/><sp/><sp/><sp/><sp/><sp/><ref refid="class_university_view_model_1a7d92f81f646515989c75b53af7559986" kindref="member">refresh</ref>();</highlight></codeline>
<codeline lineno="249"><highlight class="normal"><sp/><sp/><sp/><sp/>}<sp/></highlight><highlight class="keywordflow">else</highlight><highlight class="normal"><sp/>{</highlight></codeline>
<codeline lineno="250"><highlight class="normal"><sp/><sp/><sp/><sp/><sp/><sp/><sp/><sp/>emit<sp/><ref refid="class_university_view_model_1a2562a1c19cc5eeefd36ede3b52187a39" kindref="member">errorOccurred</ref>(</highlight><highlight class="stringliteral">&quot;Не<sp/>удалось<sp/>удалить<sp/>студента&quot;</highlight><highlight class="normal">);</highlight></codeline>
<codeline lineno="251"><highlight class="normal"><sp/><sp/><sp/><sp/>}</highlight></codeline>
<codeline lineno="252"><highlight class="normal"><sp/><sp/><sp/><sp/></highlight><highlight class="keywordflow">return</highlight><highlight class="normal"><sp/>success;</highlight></codeline>
<codeline lineno="253"><highlight class="normal">}</highlight></codeline>
<codeline lineno="254"><highlight class="normal"></highlight></codeline>
<codeline lineno="260"><highlight class="normal"></highlight><highlight class="keywordtype">bool</highlight><highlight class="normal"><sp/><ref refid="class_university_view_model_1ac73a47dbc722fa61cfa22315c172e6b6" kindref="member">UniversityViewModel::deleteSubject</ref>(</highlight><highlight class="keywordtype">int</highlight><highlight class="normal"><sp/></highlight><highlight class="keywordtype">id</highlight><highlight class="normal">)</highlight></codeline>
<codeline lineno="261"><highlight class="normal">{</highlight></codeline>
<codeline lineno="262"><highlight class="normal"><sp/><sp/><sp/><sp/></highlight><highlight class="keywordtype">bool</highlight><highlight class="normal"><sp/>success<sp/>=<sp/>m_dbManager-&gt;deleteSubject(</highlight><highlight class="keywordtype">id</highlight><highlight class="normal">);</highlight></codeline>
<codeline lineno="263"><highlight class="normal"><sp/><sp/><sp/><sp/></highlight><highlight class="keywordflow">if</highlight><highlight class="normal"><sp/>(success)<sp/>{</highlight></codeline>
<codeline lineno="264"><highlight class="normal"><sp/><sp/><sp/><sp/><sp/><sp/><sp/><sp/>qDebug()<sp/>&lt;&lt;<sp/></highlight><highlight class="stringliteral">&quot;Предмет<sp/>удален,<sp/>ID:&quot;</highlight><highlight class="normal"><sp/>&lt;&lt;<sp/>id;</highlight></codeline>
<codeline lineno="265"><highlight class="normal"><sp/><sp/><sp/><sp/><sp/><sp/><sp/><sp/><ref refid="class_university_view_model_1a7d92f81f646515989c75b53af7559986" kindref="member">refresh</ref>();</highlight></codeline>
<codeline lineno="266"><highlight class="normal"><sp/><sp/><sp/><sp/>}<sp/></highlight><highlight class="keywordflow">else</highlight><highlight class="normal"><sp/>{</highlight></codeline>
<codeline lineno="267"><highlight class="normal"><sp/><sp/><sp/><sp/><sp/><sp/><sp/><sp/>emit<sp/><ref refid="class_university_view_model_1a2562a1c19cc5eeefd36ede3b52187a39" kindref="member">errorOccurred</ref>(</highlight><highlight class="stringliteral">&quot;Не<sp/>удалось<sp/>удалить<sp/>предмет&quot;</highlight><highlight class="normal">);</highlight></codeline>
<codeline lineno="268"><highlight class="normal"><sp/><sp/><sp/><sp/>}</highlight></codeline>
<codeline lineno="269"><highlight class="normal"><sp/><sp/><sp/><sp/></highlight><highlight class="keywordflow">return</highlight><highlight class="normal"><sp/>success;</highlight></codeline>
<codeline lineno="270"><highlight class="normal">}</highlight></codeline>
<codeline lineno="271"><highlight class="normal"></highlight></codeline>
<codeline lineno="278"><highlight class="normal"></highlight><highlight class="keywordtype">void</highlight><highlight class="normal"><sp/><ref refid="class_university_view_model_1a7d92f81f646515989c75b53af7559986" kindref="member">UniversityViewModel::refresh</ref>()</highlight></codeline>
<codeline lineno="279"><highlight class="normal">{</highlight></codeline>
<codeline lineno="280"><highlight class="normal"><sp/><sp/><sp/><sp/></highlight><highlight class="keywordflow">if</highlight><highlight class="normal"><sp/>(!m_dbManager-&gt;isConnected())<sp/>{</highlight></codeline>
<codeline lineno="281"><highlight class="normal"><sp/><sp/><sp/><sp/><sp/><sp/><sp/><sp/></highlight><highlight class="keywordflow">return</highlight><highlight class="normal">;</highlight></codeline>
<codeline lineno="282"><highlight class="normal"><sp/><sp/><sp/><sp/>}</highlight></codeline>
<codeline lineno="283"><highlight class="normal"><sp/><sp/><sp/><sp/></highlight></codeline>
<codeline lineno="284"><highlight class="normal"><sp/><sp/><sp/><sp/>updateTeachers();</highlight></codeline>
<codeline lineno="285"><highlight class="normal"><sp/><sp/><sp/><sp/>updateStudents();</highlight></codeline>
<codeline lineno="286"><highlight class="normal"><sp/><sp/><sp/><sp/>updateSubjects();</highlight></codeline>
<codeline lineno="287"><highlight class="normal"><sp/><sp/><sp/><sp/></highlight></codeline>
<codeline lineno="288"><highlight class="normal"><sp/><sp/><sp/><sp/>emit<sp/><ref refid="class_university_view_model_1a4f3547b679e2498565a1efaed619f0b1" kindref="member">dataChanged</ref>();</highlight></codeline>
<codeline lineno="289"><highlight class="normal"><sp/><sp/><sp/><sp/>qDebug()<sp/>&lt;&lt;<sp/></highlight><highlight class="stringliteral">&quot;Данные<sp/>обновлены.<sp/>Всего<sp/>записей:&quot;</highlight><highlight class="normal"><sp/>&lt;&lt;<sp/><ref refid="class_university_view_model_1ae2f05cabc7d523e1d8babb0256b020cc" kindref="member">totalRecords</ref>();</highlight></codeline>
<codeline lineno="290"><highlight class="normal">}</highlight></codeline>
    </programlisting>
    <location file="src/viewmodels/UniversityViewModel.cpp"/>
  </compounddef>
</doxygen>
