<?xml version='1.0' encoding='UTF-8' standalone='no'?>
<doxygen xmlns:xsi="http://www.w3.org/2001/XMLSchema-instance" xsi:noNamespaceSchemaLocation="compound.xsd" version="1.16.1" xml:lang="en-US">
  <compounddef id="class_subject" kind="class" language="C++" prot="public">
    <compoundname>Subject</compoundname>
    <basecompoundref prot="public" virt="non-virtual">QObject</basecompoundref>
    <includes refid="_subject_8h" local="no">Subject.h</includes>
    <sectiondef kind="property">
      <memberdef kind="property" id="class_subject_1a377b0647cc8da547c5cfc96aacad5b2f" prot="public" static="no" readable="yes" writable="yes" gettable="no" privategettable="no" protectedgettable="no" settable="no" privatesettable="no" protectedsettable="no">
        <type>int</type>
        <definition>int Subject::id</definition>
        <argsstring></argsstring>
        <name>id</name>
        <qualifiedname>Subject::id</qualifiedname>
        <read>id</read>
        <write>setId</write>
        <briefdescription>
<para>Идентификатор предмета </para>
        </briefdescription>
        <detaileddescription>
        </detaileddescription>
        <inbodydescription>
        </inbodydescription>
        <location file="src/models/Subject.h" line="29" column="5" bodyfile="src/models/Subject.h" bodystart="29" bodyend="-1"/>
      </memberdef>
      <memberdef kind="property" id="class_subject_1a816225e2744f102877f713f3123a6ba4" prot="public" static="no" readable="yes" writable="yes" gettable="no" privategettable="no" protectedgettable="no" settable="no" privatesettable="no" protectedsettable="no">
        <type>QString</type>
        <definition>QString Subject::name</definition>
        <argsstring></argsstring>
        <name>name</name>
        <qualifiedname>Subject::name</qualifiedname>
        <read>name</read>
        <write>setName</write>
        <briefdescription>
<para>Название предмета </para>
        </briefdescription>
        <detaileddescription>
        </detaileddescription>
        <inbodydescription>
        </inbodydescription>
        <location file="src/models/Subject.h" line="30" column="5" bodyfile="src/models/Subject.h" bodystart="30" bodyend="-1"/>
      </memberdef>
    </sectiondef>
    <sectiondef kind="private-attrib">
      <memberdef kind="variable" id="class_subject_1af738e748c5d193e3d2f6dd1f2d00139d" prot="private" static="no" mutable="no">
        <type>int</type>
        <definition>int Subject::m_id</definition>
        <argsstring></argsstring>
        <name>m_id</name>
        <qualifiedname>Subject::m_id</qualifiedname>
        <briefdescription>
<para>Идентификатор предмета </para>
        </briefdescription>
        <detaileddescription>
        </detaileddescription>
        <inbodydescription>
        </inbodydescription>
        <location file="src/models/Subject.h" line="89" column="9" bodyfile="src/models/Subject.h" bodystart="89" bodyend="-1"/>
      </memberdef>
      <memberdef kind="variable" id="class_subject_1ad933dc114658ef8b9aac38bdd1a87d15" prot="private" static="no" mutable="no">
        <type>QString</type>
        <definition>QString Subject::m_name</definition>
        <argsstring></argsstring>
        <name>m_name</name>
        <qualifiedname>Subject::m_name</qualifiedname>
        <briefdescription>
<para>Название предмета </para>
        </briefdescription>
        <detaileddescription>
        </detaileddescription>
        <inbodydescription>
        </inbodydescription>
        <location file="src/models/Subject.h" line="90" column="13" bodyfile="src/models/Subject.h" bodystart="90" bodyend="-1"/>
      </memberdef>
    </sectiondef>
    <sectiondef kind="public-func">
      <memberdef kind="function" id="class_subject_1ac78bedb24be6afb83b4fa334badc549b" prot="public" static="no" const="no" explicit="yes" inline="no" virt="non-virtual">
        <type></type>
        <definition>Subject::Subject</definition>
        <argsstring>(QObject *parent=nullptr)</argsstring>
        <name>Subject</name>
        <qualifiedname>Subject::Subject</qualifiedname>
        <param>
          <type>QObject *</type>
          <declname>parent</declname>
          <defval>nullptr</defval>
        </param>
        <briefdescription>
<para>Конструктор по умолчанию </para>
        </briefdescription>
        <detaileddescription>
<para><parameterlist kind="param"><parameteritem>
<parameternamelist>
<parametername>parent</parametername>
</parameternamelist>
<parameterdescription>
<para>Родительский QObject </para>
</parameterdescription>
</parameteritem>
</parameterlist>
</para>
        </detaileddescription>
        <inbodydescription>
        </inbodydescription>
        <location file="src/models/Subject.h" line="37" column="14" bodyfile="src/models/Subject.cpp" bodystart="13" bodyend="16"/>
      </memberdef>
      <memberdef kind="function" id="class_subject_1acc22fd470429efdd235dcbb3aa471f8c" prot="public" static="no" const="no" explicit="no" inline="no" virt="non-virtual">
        <type></type>
        <definition>Subject::Subject</definition>
        <argsstring>(int id, const QString &amp;name, QObject *parent=nullptr)</argsstring>
        <name>Subject</name>
        <qualifiedname>Subject::Subject</qualifiedname>
        <param>
          <type>int</type>
          <declname>id</declname>
        </param>
        <param>
          <type>const QString &amp;</type>
          <declname>name</declname>
        </param>
        <param>
          <type>QObject *</type>
          <declname>parent</declname>
          <defval>nullptr</defval>
        </param>
        <briefdescription>
<para>Параметризованный конструктор </para>
        </briefdescription>
        <detaileddescription>
<para><parameterlist kind="param"><parameteritem>
<parameternamelist>
<parametername><ref refid="class_subject_1a377b0647cc8da547c5cfc96aacad5b2f" kindref="member">id</ref></parametername>
</parameternamelist>
<parameterdescription>
<para>Идентификатор предмета </para>
</parameterdescription>
</parameteritem>
<parameteritem>
<parameternamelist>
<parametername><ref refid="class_subject_1a816225e2744f102877f713f3123a6ba4" kindref="member">name</ref></parametername>
</parameternamelist>
<parameterdescription>
<para>Название предмета </para>
</parameterdescription>
</parameteritem>
<parameteritem>
<parameternamelist>
<parametername>parent</parametername>
</parameternamelist>
<parameterdescription>
<para>Родительский QObject </para>
</parameterdescription>
</parameteritem>
</parameterlist>
</para>
        </detaileddescription>
        <inbodydescription>
        </inbodydescription>
        <location file="src/models/Subject.h" line="45" column="5" bodyfile="src/models/Subject.cpp" bodystart="24" bodyend="27"/>
      </memberdef>
      <memberdef kind="function" id="class_subject_1aec7b6aeecc6a877672c0e2e8bc5cb509" prot="public" static="no" const="yes" explicit="no" inline="no" virt="non-virtual">
        <type>int</type>
        <definition>int Subject::id</definition>
        <argsstring>() const</argsstring>
        <name>id</name>
        <qualifiedname>Subject::id</qualifiedname>
        <briefdescription>
<para>Получить идентификатор предмета </para>
        </briefdescription>
        <detaileddescription>
<para><simplesect kind="return"><para>int Идентификатор </para>
</simplesect>
</para>
        </detaileddescription>
        <inbodydescription>
        </inbodydescription>
        <location file="src/models/Subject.h" line="51" column="9" bodyfile="src/models/Subject.cpp" bodystart="33" bodyend="36"/>
      </memberdef>
      <memberdef kind="function" id="class_subject_1aeed3ff26555b6c55cd306d0f8f7567c4" prot="public" static="no" const="no" explicit="no" inline="no" virt="non-virtual">
        <type>void</type>
        <definition>void Subject::setId</definition>
        <argsstring>(int id)</argsstring>
        <name>setId</name>
        <qualifiedname>Subject::setId</qualifiedname>
        <param>
          <type>int</type>
          <declname>id</declname>
        </param>
        <briefdescription>
<para>Установить идентификатор предмета </para>
        </briefdescription>
        <detaileddescription>
<para><parameterlist kind="param"><parameteritem>
<parameternamelist>
<parametername><ref refid="class_subject_1a377b0647cc8da547c5cfc96aacad5b2f" kindref="member">id</ref></parametername>
</parameternamelist>
<parameterdescription>
<para>Новый идентификатор </para>
</parameterdescription>
</parameteritem>
</parameterlist>
</para>
        </detaileddescription>
        <inbodydescription>
        </inbodydescription>
        <location file="src/models/Subject.h" line="57" column="10" bodyfile="src/models/Subject.cpp" bodystart="42" bodyend="48"/>
      </memberdef>
      <memberdef kind="function" id="class_subject_1a60049a78b397f953a7fcee5e132eed21" prot="public" static="no" const="yes" explicit="no" inline="no" virt="non-virtual">
        <type>QString</type>
        <definition>QString Subject::name</definition>
        <argsstring>() const</argsstring>
        <name>name</name>
        <qualifiedname>Subject::name</qualifiedname>
        <briefdescription>
<para>Получить название предмета </para>
        </briefdescription>
        <detaileddescription>
<para><simplesect kind="return"><para>QString Название </para>
</simplesect>
</para>
        </detaileddescription>
        <inbodydescription>
        </inbodydescription>
        <location file="src/models/Subject.h" line="63" column="13" bodyfile="src/models/Subject.cpp" bodystart="54" bodyend="57"/>
      </memberdef>
      <memberdef kind="function" id="class_subject_1a166e4e70504f82b95571d97d794edf62" prot="public" static="no" const="no" explicit="no" inline="no" virt="non-virtual">
        <type>void</type>
        <definition>void Subject::setName</definition>
        <argsstring>(const QString &amp;name)</argsstring>
        <name>setName</name>
        <qualifiedname>Subject::setName</qualifiedname>
        <param>
          <type>const QString &amp;</type>
          <declname>name</declname>
        </param>
        <briefdescription>
<para>Установить название предмета </para>
        </briefdescription>
        <detaileddescription>
<para><parameterlist kind="param"><parameteritem>
<parameternamelist>
<parametername><ref refid="class_subject_1a816225e2744f102877f713f3123a6ba4" kindref="member">name</ref></parametername>
</parameternamelist>
<parameterdescription>
<para>Новое название </para>
</parameterdescription>
</parameteritem>
</parameterlist>
</para>
        </detaileddescription>
        <inbodydescription>
        </inbodydescription>
        <location file="src/models/Subject.h" line="69" column="10" bodyfile="src/models/Subject.cpp" bodystart="63" bodyend="69"/>
      </memberdef>
      <memberdef kind="function" id="class_subject_1a0368881172dc34239ae6f39fd2e2e5fa" prot="public" static="no" const="yes" explicit="no" inline="no" virt="non-virtual">
        <type>QString</type>
        <definition>QString Subject::toString</definition>
        <argsstring>() const</argsstring>
        <name>toString</name>
        <qualifiedname>Subject::toString</qualifiedname>
        <briefdescription>
<para>Преобразовать объект в строковое представление </para>
        </briefdescription>
        <detaileddescription>
<para><simplesect kind="return"><para>QString Строка в формате &quot;ID. Название&quot;</para>
</simplesect>
<simplesect kind="return"><para>QString Строка формата &quot;ID. Название&quot; </para>
</simplesect>
</para>
        </detaileddescription>
        <inbodydescription>
        </inbodydescription>
        <location file="src/models/Subject.h" line="75" column="13" bodyfile="src/models/Subject.cpp" bodystart="75" bodyend="78"/>
      </memberdef>
    </sectiondef>
    <sectiondef kind="signal">
      <memberdef kind="signal" id="class_subject_1a73848aad44e35db48b41e6cf7c427154" prot="public" static="no" const="no" explicit="no" inline="no" virt="non-virtual">
        <type>void</type>
        <definition>void Subject::idChanged</definition>
        <argsstring>()</argsstring>
        <name>idChanged</name>
        <qualifiedname>Subject::idChanged</qualifiedname>
        <briefdescription>
<para>Сигнал об изменении идентификатора </para>
        </briefdescription>
        <detaileddescription>
        </detaileddescription>
        <inbodydescription>
        </inbodydescription>
        <location file="src/models/Subject.h" line="81" column="10"/>
      </memberdef>
      <memberdef kind="signal" id="class_subject_1a3a8ec402a6d9dba40804eab265064c50" prot="public" static="no" const="no" explicit="no" inline="no" virt="non-virtual">
        <type>void</type>
        <definition>void Subject::nameChanged</definition>
        <argsstring>()</argsstring>
        <name>nameChanged</name>
        <qualifiedname>Subject::nameChanged</qualifiedname>
        <briefdescription>
<para>Сигнал об изменении названия </para>
        </briefdescription>
        <detaileddescription>
        </detaileddescription>
        <inbodydescription>
        </inbodydescription>
        <location file="src/models/Subject.h" line="86" column="10"/>
      </memberdef>
    </sectiondef>
    <briefdescription>
<para>Класс, представляющий учебный предмет в системе </para>
    </briefdescription>
    <detaileddescription>
<para>Содержит информацию о предмете:<itemizedlist>
<listitem><para>Идентификатор</para>
</listitem><listitem><para>Название предмета </para>
</listitem></itemizedlist>
</para>
    </detaileddescription>
    <inheritancegraph>
      <node id="2">
        <label>QObject</label>
      </node>
      <node id="1">
        <label>Subject</label>
        <link refid="class_subject"/>
        <childnode refid="2" relation="public-inheritance">
        </childnode>
      </node>
    </inheritancegraph>
    <collaborationgraph>
      <node id="2">
        <label>QObject</label>
      </node>
      <node id="1">
        <label>Subject</label>
        <link refid="class_subject"/>
        <childnode refid="2" relation="public-inheritance">
        </childnode>
      </node>
    </collaborationgraph>
    <location file="src/models/Subject.h" line="26" column="1" bodyfile="src/models/Subject.h" bodystart="27" bodyend="91"/>
    <listofallmembers>
      <member refid="class_subject_1a377b0647cc8da547c5cfc96aacad5b2f" prot="public" virt="non-virtual"><scope>Subject</scope><name>id</name></member>
      <member refid="class_subject_1aec7b6aeecc6a877672c0e2e8bc5cb509" prot="public" virt="non-virtual"><scope>Subject</scope><name>id</name></member>
      <member refid="class_subject_1a73848aad44e35db48b41e6cf7c427154" prot="public" virt="non-virtual"><scope>Subject</scope><name>idChanged</name></member>
      <member refid="class_subject_1af738e748c5d193e3d2f6dd1f2d00139d" prot="private" virt="non-virtual"><scope>Subject</scope><name>m_id</name></member>
      <member refid="class_subject_1ad933dc114658ef8b9aac38bdd1a87d15" prot="private" virt="non-virtual"><scope>Subject</scope><name>m_name</name></member>
      <member refid="class_subject_1a816225e2744f102877f713f3123a6ba4" prot="public" virt="non-virtual"><scope>Subject</scope><name>name</name></member>
      <member refid="class_subject_1a60049a78b397f953a7fcee5e132eed21" prot="public" virt="non-virtual"><scope>Subject</scope><name>name</name></member>
      <member refid="class_subject_1a3a8ec402a6d9dba40804eab265064c50" prot="public" virt="non-virtual"><scope>Subject</scope><name>nameChanged</name></member>
      <member refid="class_subject_1aeed3ff26555b6c55cd306d0f8f7567c4" prot="public" virt="non-virtual"><scope>Subject</scope><name>setId</name></member>
      <member refid="class_subject_1a166e4e70504f82b95571d97d794edf62" prot="public" virt="non-virtual"><scope>Subject</scope><name>setName</name></member>
      <member refid="class_subject_1ac78bedb24be6afb83b4fa334badc549b" prot="public" virt="non-virtual"><scope>Subject</scope><name>Subject</name></member>
      <member refid="class_subject_1acc22fd470429efdd235dcbb3aa471f8c" prot="public" virt="non-virtual"><scope>Subject</scope><name>Subject</name></member>
      <member refid="class_subject_1a0368881172dc34239ae6f39fd2e2e5fa" prot="public" virt="non-virtual"><scope>Subject</scope><name>toString</name></member>
    </listofallmembers>
  </compounddef>
</doxygen>
