<?xml version='1.0' encoding='UTF-8' standalone='no'?>
<doxygen xmlns:xsi="http://www.w3.org/2001/XMLSchema-instance" xsi:noNamespaceSchemaLocation="compound.xsd" version="1.16.1" xml:lang="en-US">
  <compounddef id="class_student" kind="class" language="C++" prot="public">
    <compoundname>Student</compoundname>
    <basecompoundref prot="public" virt="non-virtual">QObject</basecompoundref>
    <includes refid="_student_8h" local="no">Student.h</includes>
    <sectiondef kind="property">
      <memberdef kind="property" id="class_student_1a1351fb239711a78a8b115d75597b5df0" prot="public" static="no" readable="yes" writable="yes" gettable="no" privategettable="no" protectedgettable="no" settable="no" privatesettable="no" protectedsettable="no">
        <type>int</type>
        <definition>int Student::id</definition>
        <argsstring></argsstring>
        <name>id</name>
        <qualifiedname>Student::id</qualifiedname>
        <read>id</read>
        <write>setId</write>
        <briefdescription>
<para>Идентификатор студента </para>
        </briefdescription>
        <detaileddescription>
        </detaileddescription>
        <inbodydescription>
        </inbodydescription>
        <location file="src/models/Student.h" line="33" column="5" bodyfile="src/models/Student.h" bodystart="33" bodyend="-1"/>
      </memberdef>
      <memberdef kind="property" id="class_student_1a0abbaea70beb713544dc92d02db1add7" prot="public" static="no" readable="yes" writable="yes" gettable="no" privategettable="no" protectedgettable="no" settable="no" privatesettable="no" protectedsettable="no">
        <type>QString</type>
        <definition>QString Student::fullName</definition>
        <argsstring></argsstring>
        <name>fullName</name>
        <qualifiedname>Student::fullName</qualifiedname>
        <read>fullName</read>
        <write>setFullName</write>
        <briefdescription>
        </briefdescription>
        <detaileddescription>
<para>Полное имя студента </para>
        </detaileddescription>
        <inbodydescription>
        </inbodydescription>
        <location file="src/models/Student.h" line="34" column="5" bodyfile="src/models/Student.h" bodystart="34" bodyend="-1"/>
      </memberdef>
      <memberdef kind="property" id="class_student_1a6ccb1dafc8372525128a418b99597aaa" prot="public" static="no" readable="yes" writable="yes" gettable="no" privategettable="no" protectedgettable="no" settable="no" privatesettable="no" protectedsettable="no">
        <type>int</type>
        <definition>int Student::grade</definition>
        <argsstring></argsstring>
        <name>grade</name>
        <qualifiedname>Student::grade</qualifiedname>
        <read>grade</read>
        <write>setGrade</write>
        <briefdescription>
<para>Оценка студента (должна быть в диапазоне 1-5). </para>
        </briefdescription>
        <detaileddescription>
        </detaileddescription>
        <inbodydescription>
        </inbodydescription>
        <location file="src/models/Student.h" line="35" column="5" bodyfile="src/models/Student.h" bodystart="35" bodyend="-1"/>
      </memberdef>
    </sectiondef>
    <sectiondef kind="private-attrib">
      <memberdef kind="variable" id="class_student_1ab234880bfcde442f594614d9a571ec78" prot="private" static="no" mutable="no">
        <type>int</type>
        <definition>int Student::m_id</definition>
        <argsstring></argsstring>
        <name>m_id</name>
        <qualifiedname>Student::m_id</qualifiedname>
        <briefdescription>
<para>Идентификатор студента </para>
        </briefdescription>
        <detaileddescription>
        </detaileddescription>
        <inbodydescription>
        </inbodydescription>
        <location file="src/models/Student.h" line="113" column="9" bodyfile="src/models/Student.h" bodystart="113" bodyend="-1"/>
      </memberdef>
      <memberdef kind="variable" id="class_student_1a135c454ab41f484fd3e34b50ff62a510" prot="private" static="no" mutable="no">
        <type>QString</type>
        <definition>QString Student::m_fullName</definition>
        <argsstring></argsstring>
        <name>m_fullName</name>
        <qualifiedname>Student::m_fullName</qualifiedname>
        <briefdescription>
<para>Полное имя студента </para>
        </briefdescription>
        <detaileddescription>
        </detaileddescription>
        <inbodydescription>
        </inbodydescription>
        <location file="src/models/Student.h" line="114" column="13" bodyfile="src/models/Student.h" bodystart="114" bodyend="-1"/>
      </memberdef>
      <memberdef kind="variable" id="class_student_1ae531ca7c45538762a212fcd23069f194" prot="private" static="no" mutable="no">
        <type>int</type>
        <definition>int Student::m_grade</definition>
        <argsstring></argsstring>
        <name>m_grade</name>
        <qualifiedname>Student::m_grade</qualifiedname>
        <briefdescription>
<para>Оценка студента </para>
        </briefdescription>
        <detaileddescription>
        </detaileddescription>
        <inbodydescription>
        </inbodydescription>
        <location file="src/models/Student.h" line="115" column="9" bodyfile="src/models/Student.h" bodystart="115" bodyend="-1"/>
      </memberdef>
    </sectiondef>
    <sectiondef kind="public-func">
      <memberdef kind="function" id="class_student_1abc29f15dfff75347842b591dc34b8a93" prot="public" static="no" const="no" explicit="yes" inline="no" virt="non-virtual">
        <type></type>
        <definition>Student::Student</definition>
        <argsstring>(QObject *parent=nullptr)</argsstring>
        <name>Student</name>
        <qualifiedname>Student::Student</qualifiedname>
        <param>
          <type>QObject *</type>
          <declname>parent</declname>
          <defval>nullptr</defval>
        </param>
        <briefdescription>
<para>Конструктор по умолчанию </para>
        </briefdescription>
        <detaileddescription>
<para><parameterlist kind="param"><parameteritem>
<parameternamelist>
<parametername>parent</parametername>
</parameternamelist>
<parameterdescription>
<para>Родительский QObject </para>
</parameterdescription>
</parameteritem>
</parameterlist>
</para>
        </detaileddescription>
        <inbodydescription>
        </inbodydescription>
        <location file="src/models/Student.h" line="42" column="14" bodyfile="src/models/Student.cpp" bodystart="13" bodyend="16"/>
      </memberdef>
      <memberdef kind="function" id="class_student_1a790b1d543766311905e7ee674ecf9814" prot="public" static="no" const="no" explicit="no" inline="no" virt="non-virtual">
        <type></type>
        <definition>Student::Student</definition>
        <argsstring>(int id, const QString &amp;fullName, int grade, QObject *parent=nullptr)</argsstring>
        <name>Student</name>
        <qualifiedname>Student::Student</qualifiedname>
        <param>
          <type>int</type>
          <declname>id</declname>
        </param>
        <param>
          <type>const QString &amp;</type>
          <declname>fullName</declname>
        </param>
        <param>
          <type>int</type>
          <declname>grade</declname>
        </param>
        <param>
          <type>QObject *</type>
          <declname>parent</declname>
          <defval>nullptr</defval>
        </param>
        <briefdescription>
<para>Параметризованный конструктор </para>
        </briefdescription>
        <detaileddescription>
<para><parameterlist kind="param"><parameteritem>
<parameternamelist>
<parametername><ref refid="class_student_1a1351fb239711a78a8b115d75597b5df0" kindref="member">id</ref></parametername>
</parameternamelist>
<parameterdescription>
<para>Идентификатор студента </para>
</parameterdescription>
</parameteritem>
<parameteritem>
<parameternamelist>
<parametername><ref refid="class_student_1a0abbaea70beb713544dc92d02db1add7" kindref="member">fullName</ref></parametername>
</parameternamelist>
<parameterdescription>
<para>Полное имя студента </para>
</parameterdescription>
</parameteritem>
<parameteritem>
<parameternamelist>
<parametername><ref refid="class_student_1a6ccb1dafc8372525128a418b99597aaa" kindref="member">grade</ref></parametername>
</parameternamelist>
<parameterdescription>
<para>Оценка студента </para>
</parameterdescription>
</parameteritem>
<parameteritem>
<parameternamelist>
<parametername>parent</parametername>
</parameternamelist>
<parameterdescription>
<para>Родительский QObject </para>
</parameterdescription>
</parameteritem>
</parameterlist>
</para>
        </detaileddescription>
        <inbodydescription>
        </inbodydescription>
        <location file="src/models/Student.h" line="51" column="5" bodyfile="src/models/Student.cpp" bodystart="25" bodyend="28"/>
      </memberdef>
      <memberdef kind="function" id="class_student_1a22139db1207705d1c5952ad34be02a56" prot="public" static="no" const="yes" explicit="no" inline="no" virt="non-virtual">
        <type>int</type>
        <definition>int Student::id</definition>
        <argsstring>() const</argsstring>
        <name>id</name>
        <qualifiedname>Student::id</qualifiedname>
        <briefdescription>
<para>Получить идентификатор студента </para>
        </briefdescription>
        <detaileddescription>
<para><simplesect kind="return"><para>int Идентификатор </para>
</simplesect>
</para>
        </detaileddescription>
        <inbodydescription>
        </inbodydescription>
        <location file="src/models/Student.h" line="57" column="9" bodyfile="src/models/Student.cpp" bodystart="34" bodyend="37"/>
      </memberdef>
      <memberdef kind="function" id="class_student_1abba5d240dcfdcdaf3a030e3e1c4ad1f6" prot="public" static="no" const="no" explicit="no" inline="no" virt="non-virtual">
        <type>void</type>
        <definition>void Student::setId</definition>
        <argsstring>(int id)</argsstring>
        <name>setId</name>
        <qualifiedname>Student::setId</qualifiedname>
        <param>
          <type>int</type>
          <declname>id</declname>
        </param>
        <briefdescription>
<para>Установить идентификатор студента </para>
        </briefdescription>
        <detaileddescription>
<para><parameterlist kind="param"><parameteritem>
<parameternamelist>
<parametername><ref refid="class_student_1a1351fb239711a78a8b115d75597b5df0" kindref="member">id</ref></parametername>
</parameternamelist>
<parameterdescription>
<para>Новый идентификатор </para>
</parameterdescription>
</parameteritem>
</parameterlist>
</para>
        </detaileddescription>
        <inbodydescription>
        </inbodydescription>
        <location file="src/models/Student.h" line="63" column="10" bodyfile="src/models/Student.cpp" bodystart="43" bodyend="49"/>
      </memberdef>
      <memberdef kind="function" id="class_student_1a81ff6e64d22222705e711198017302dc" prot="public" static="no" const="yes" explicit="no" inline="no" virt="non-virtual">
        <type>QString</type>
        <definition>QString Student::fullName</definition>
        <argsstring>() const</argsstring>
        <name>fullName</name>
        <qualifiedname>Student::fullName</qualifiedname>
        <briefdescription>
<para>Получить полное имя студента </para>
        </briefdescription>
        <detaileddescription>
<para><simplesect kind="return"><para>QString Полное имя </para>
</simplesect>
</para>
        </detaileddescription>
        <inbodydescription>
        </inbodydescription>
        <location file="src/models/Student.h" line="69" column="13" bodyfile="src/models/Student.cpp" bodystart="55" bodyend="58"/>
      </memberdef>
      <memberdef kind="function" id="class_student_1a8a1081dec781bc05d6ef9b405cf7f897" prot="public" static="no" const="no" explicit="no" inline="no" virt="non-virtual">
        <type>void</type>
        <definition>void Student::setFullName</definition>
        <argsstring>(const QString &amp;fullName)</argsstring>
        <name>setFullName</name>
        <qualifiedname>Student::setFullName</qualifiedname>
        <param>
          <type>const QString &amp;</type>
          <declname>fullName</declname>
        </param>
        <briefdescription>
<para>Установить полное имя студента </para>
        </briefdescription>
        <detaileddescription>
<para><parameterlist kind="param"><parameteritem>
<parameternamelist>
<parametername><ref refid="class_student_1a0abbaea70beb713544dc92d02db1add7" kindref="member">fullName</ref></parametername>
</parameternamelist>
<parameterdescription>
<para>Новое полное имя </para>
</parameterdescription>
</parameteritem>
</parameterlist>
</para>
        </detaileddescription>
        <inbodydescription>
        </inbodydescription>
        <location file="src/models/Student.h" line="75" column="10" bodyfile="src/models/Student.cpp" bodystart="64" bodyend="70"/>
      </memberdef>
      <memberdef kind="function" id="class_student_1adab6f60fbc1aca5fca0e15cfc10baae5" prot="public" static="no" const="yes" explicit="no" inline="no" virt="non-virtual">
        <type>int</type>
        <definition>int Student::grade</definition>
        <argsstring>() const</argsstring>
        <name>grade</name>
        <qualifiedname>Student::grade</qualifiedname>
        <briefdescription>
<para>Получить оценку студента </para>
        </briefdescription>
        <detaileddescription>
<para><simplesect kind="return"><para>int Оценка (1-5)</para>
</simplesect>
<simplesect kind="return"><para>int Оценка </para>
</simplesect>
</para>
        </detaileddescription>
        <inbodydescription>
        </inbodydescription>
        <location file="src/models/Student.h" line="81" column="9" bodyfile="src/models/Student.cpp" bodystart="76" bodyend="79"/>
      </memberdef>
      <memberdef kind="function" id="class_student_1a9547c17d28385d164335384622218551" prot="public" static="no" const="no" explicit="no" inline="no" virt="non-virtual">
        <type>void</type>
        <definition>void Student::setGrade</definition>
        <argsstring>(int grade)</argsstring>
        <name>setGrade</name>
        <qualifiedname>Student::setGrade</qualifiedname>
        <param>
          <type>int</type>
          <declname>grade</declname>
        </param>
        <briefdescription>
<para>Установить оценку студента </para>
        </briefdescription>
        <detaileddescription>
<para><parameterlist kind="param"><parameteritem>
<parameternamelist>
<parametername><ref refid="class_student_1a6ccb1dafc8372525128a418b99597aaa" kindref="member">grade</ref></parametername>
</parameternamelist>
<parameterdescription>
<para>Новая оценка </para>
</parameterdescription>
</parameteritem>
</parameterlist>
<simplesect kind="warning"><para>Оценка должна быть в диапазоне 1-5</para>
</simplesect>
<parameterlist kind="param"><parameteritem>
<parameternamelist>
<parametername><ref refid="class_student_1a6ccb1dafc8372525128a418b99597aaa" kindref="member">grade</ref></parametername>
</parameternamelist>
<parameterdescription>
<para>Новая оценка </para>
</parameterdescription>
</parameteritem>
</parameterlist>
</para>
        </detaileddescription>
        <inbodydescription>
        </inbodydescription>
        <location file="src/models/Student.h" line="88" column="10" bodyfile="src/models/Student.cpp" bodystart="85" bodyend="91"/>
      </memberdef>
      <memberdef kind="function" id="class_student_1a3d53d2fd4a6d02c99d1c3e1a210d5e23" prot="public" static="no" const="yes" explicit="no" inline="no" virt="non-virtual">
        <type>QString</type>
        <definition>QString Student::toString</definition>
        <argsstring>() const</argsstring>
        <name>toString</name>
        <qualifiedname>Student::toString</qualifiedname>
        <briefdescription>
<para>Преобразовать объект в строковое представление </para>
        </briefdescription>
        <detaileddescription>
<para><simplesect kind="return"><para>QString Строка в формате &quot;ID. Имя (Оценка: X)&quot;</para>
</simplesect>
<simplesect kind="return"><para>QString Строка формата &quot;ID. Имя (Оценка: X)&quot; </para>
</simplesect>
</para>
        </detaileddescription>
        <inbodydescription>
        </inbodydescription>
        <location file="src/models/Student.h" line="94" column="13" bodyfile="src/models/Student.cpp" bodystart="97" bodyend="100"/>
      </memberdef>
    </sectiondef>
    <sectiondef kind="signal">
      <memberdef kind="signal" id="class_student_1ac33bca171b60914efac613b4707ddb52" prot="public" static="no" const="no" explicit="no" inline="no" virt="non-virtual">
        <type>void</type>
        <definition>void Student::idChanged</definition>
        <argsstring>()</argsstring>
        <name>idChanged</name>
        <qualifiedname>Student::idChanged</qualifiedname>
        <briefdescription>
<para>Сигнал об изменении идентификатора </para>
        </briefdescription>
        <detaileddescription>
        </detaileddescription>
        <inbodydescription>
        </inbodydescription>
        <location file="src/models/Student.h" line="100" column="10"/>
      </memberdef>
      <memberdef kind="signal" id="class_student_1adca0fe864bc4b5d7bd4cec03664dfae4" prot="public" static="no" const="no" explicit="no" inline="no" virt="non-virtual">
        <type>void</type>
        <definition>void Student::fullNameChanged</definition>
        <argsstring>()</argsstring>
        <name>fullNameChanged</name>
        <qualifiedname>Student::fullNameChanged</qualifiedname>
        <briefdescription>
<para>Сигнал об изменении имени </para>
        </briefdescription>
        <detaileddescription>
        </detaileddescription>
        <inbodydescription>
        </inbodydescription>
        <location file="src/models/Student.h" line="105" column="10"/>
      </memberdef>
      <memberdef kind="signal" id="class_student_1ad34bdd58648c0f16073b1e404fe6d180" prot="public" static="no" const="no" explicit="no" inline="no" virt="non-virtual">
        <type>void</type>
        <definition>void Student::gradeChanged</definition>
        <argsstring>()</argsstring>
        <name>gradeChanged</name>
        <qualifiedname>Student::gradeChanged</qualifiedname>
        <briefdescription>
<para>Сигнал об изменении оценки </para>
        </briefdescription>
        <detaileddescription>
        </detaileddescription>
        <inbodydescription>
        </inbodydescription>
        <location file="src/models/Student.h" line="110" column="10"/>
      </memberdef>
    </sectiondef>
    <briefdescription>
<para>Класс, представляющий студента в системе </para>
    </briefdescription>
    <detaileddescription>
<para>Содержит информацию о студенте:<itemizedlist>
<listitem><para>Идентификатор</para>
</listitem><listitem><para>Полное имя</para>
</listitem><listitem><para>Оценку (1-5) </para>
</listitem></itemizedlist>
</para>
    </detaileddescription>
    <inheritancegraph>
      <node id="2">
        <label>QObject</label>
      </node>
      <node id="1">
        <label>Student</label>
        <link refid="class_student"/>
        <childnode refid="2" relation="public-inheritance">
        </childnode>
      </node>
    </inheritancegraph>
    <collaborationgraph>
      <node id="2">
        <label>QObject</label>
      </node>
      <node id="1">
        <label>Student</label>
        <link refid="class_student"/>
        <childnode refid="2" relation="public-inheritance">
        </childnode>
      </node>
    </collaborationgraph>
    <location file="src/models/Student.h" line="30" column="1" bodyfile="src/models/Student.h" bodystart="31" bodyend="116"/>
    <listofallmembers>
      <member refid="class_student_1a0abbaea70beb713544dc92d02db1add7" prot="public" virt="non-virtual"><scope>Student</scope><name>fullName</name></member>
      <member refid="class_student_1a81ff6e64d22222705e711198017302dc" prot="public" virt="non-virtual"><scope>Student</scope><name>fullName</name></member>
      <member refid="class_student_1adca0fe864bc4b5d7bd4cec03664dfae4" prot="public" virt="non-virtual"><scope>Student</scope><name>fullNameChanged</name></member>
      <member refid="class_student_1a6ccb1dafc8372525128a418b99597aaa" prot="public" virt="non-virtual"><scope>Student</scope><name>grade</name></member>
      <member refid="class_student_1adab6f60fbc1aca5fca0e15cfc10baae5" prot="public" virt="non-virtual"><scope>Student</scope><name>grade</name></member>
      <member refid="class_student_1ad34bdd58648c0f16073b1e404fe6d180" prot="public" virt="non-virtual"><scope>Student</scope><name>gradeChanged</name></member>
      <member refid="class_student_1a1351fb239711a78a8b115d75597b5df0" prot="public" virt="non-virtual"><scope>Student</scope><name>id</name></member>
      <member refid="class_student_1a22139db1207705d1c5952ad34be02a56" prot="public" virt="non-virtual"><scope>Student</scope><name>id</name></member>
      <member refid="class_student_1ac33bca171b60914efac613b4707ddb52" prot="public" virt="non-virtual"><scope>Student</scope><name>idChanged</name></member>
      <member refid="class_student_1a135c454ab41f484fd3e34b50ff62a510" prot="private" virt="non-virtual"><scope>Student</scope><name>m_fullName</name></member>
      <member refid="class_student_1ae531ca7c45538762a212fcd23069f194" prot="private" virt="non-virtual"><scope>Student</scope><name>m_grade</name></member>
      <member refid="class_student_1ab234880bfcde442f594614d9a571ec78" prot="private" virt="non-virtual"><scope>Student</scope><name>m_id</name></member>
      <member refid="class_student_1a8a1081dec781bc05d6ef9b405cf7f897" prot="public" virt="non-virtual"><scope>Student</scope><name>setFullName</name></member>
      <member refid="class_student_1a9547c17d28385d164335384622218551" prot="public" virt="non-virtual"><scope>Student</scope><name>setGrade</name></member>
      <member refid="class_student_1abba5d240dcfdcdaf3a030e3e1c4ad1f6" prot="public" virt="non-virtual"><scope>Student</scope><name>setId</name></member>
      <member refid="class_student_1abc29f15dfff75347842b591dc34b8a93" prot="public" virt="non-virtual"><scope>Student</scope><name>Student</name></member>
      <member refid="class_student_1a790b1d543766311905e7ee674ecf9814" prot="public" virt="non-virtual"><scope>Student</scope><name>Student</name></member>
      <member refid="class_student_1a3d53d2fd4a6d02c99d1c3e1a210d5e23" prot="public" virt="non-virtual"><scope>Student</scope><name>toString</name></member>
    </listofallmembers>
  </compounddef>
</doxygen>
