<?xml version='1.0' encoding='UTF-8' standalone='no'?>
<doxygen xmlns:xsi="http://www.w3.org/2001/XMLSchema-instance" xsi:noNamespaceSchemaLocation="compound.xsd" version="1.16.1" xml:lang="en-US">
  <compounddef id="class_database_manager" kind="class" language="C++" prot="public">
    <compoundname>DatabaseManager</compoundname>
    <basecompoundref prot="public" virt="non-virtual">QObject</basecompoundref>
    <includes refid="_database_manager_8h" local="no">DatabaseManager.h</includes>
    <sectiondef kind="private-attrib">
      <memberdef kind="variable" id="class_database_manager_1a41b1b7fcff4aaad61c0d2ab44ef037fa" prot="private" static="no" mutable="no">
        <type>QSqlDatabase</type>
        <definition>QSqlDatabase DatabaseManager::m_database</definition>
        <argsstring></argsstring>
        <name>m_database</name>
        <qualifiedname>DatabaseManager::m_database</qualifiedname>
        <briefdescription>
<para>Объект соединения с базой данных </para>
        </briefdescription>
        <detaileddescription>
        </detaileddescription>
        <inbodydescription>
        </inbodydescription>
        <location file="src/models/DatabaseManager.h" line="187" column="18" bodyfile="src/models/DatabaseManager.h" bodystart="187" bodyend="-1"/>
      </memberdef>
    </sectiondef>
    <sectiondef kind="public-func">
      <memberdef kind="function" id="class_database_manager_1aebfb8cc7427256623ccbe059b30b6450" prot="public" static="no" const="no" explicit="yes" inline="no" virt="non-virtual">
        <type></type>
        <definition>DatabaseManager::DatabaseManager</definition>
        <argsstring>(QObject *parent=nullptr)</argsstring>
        <name>DatabaseManager</name>
        <qualifiedname>DatabaseManager::DatabaseManager</qualifiedname>
        <param>
          <type>QObject *</type>
          <declname>parent</declname>
          <defval>nullptr</defval>
        </param>
        <briefdescription>
<para>Конструктор класса <ref refid="class_database_manager" kindref="compound">DatabaseManager</ref>. </para>
        </briefdescription>
        <detaileddescription>
<para>Конструктор <ref refid="class_database_manager" kindref="compound">DatabaseManager</ref>.</para>
<para><parameterlist kind="param"><parameteritem>
<parameternamelist>
<parametername>parent</parametername>
</parameternamelist>
<parameterdescription>
<para>Родительский QObject</para>
</parameterdescription>
</parameteritem>
<parameteritem>
<parameternamelist>
<parametername>parent</parametername>
</parameternamelist>
<parameterdescription>
<para>Родительский QObject</para>
</parameterdescription>
</parameteritem>
</parameterlist>
Создает подключение к базе данных PostgreSQL с именем &quot;university_connection&quot; </para>
        </detaileddescription>
        <inbodydescription>
        </inbodydescription>
        <location file="src/models/DatabaseManager.h" line="39" column="14" bodyfile="src/models/DatabaseManager.cpp" bodystart="17" bodyend="21"/>
      </memberdef>
      <memberdef kind="function" id="class_database_manager_1ae9b3a5da1e04fbb00faf8a034da1d063" prot="public" static="no" const="no" explicit="no" inline="no" virt="non-virtual">
        <type></type>
        <definition>DatabaseManager::~DatabaseManager</definition>
        <argsstring>()</argsstring>
        <name>~DatabaseManager</name>
        <qualifiedname>DatabaseManager::~DatabaseManager</qualifiedname>
        <briefdescription>
<para>Деструктор класса <ref refid="class_database_manager" kindref="compound">DatabaseManager</ref>. </para>
        </briefdescription>
        <detaileddescription>
<para>Деструктор <ref refid="class_database_manager" kindref="compound">DatabaseManager</ref>.</para>
<para>Закрывает соединение с базой данных при уничтожении объекта</para>
<para>Закрывает соединение с базой данных если оно открыто </para>
        </detaileddescription>
        <inbodydescription>
        </inbodydescription>
        <location file="src/models/DatabaseManager.h" line="45" column="5" bodyfile="src/models/DatabaseManager.cpp" bodystart="28" bodyend="33"/>
      </memberdef>
      <memberdef kind="function" id="class_database_manager_1a6eb61705ccd1925062cdd6835afff7f4" prot="public" static="no" const="no" explicit="no" inline="no" virt="non-virtual">
        <type>bool</type>
        <definition>bool DatabaseManager::connectToDatabase</definition>
        <argsstring>()</argsstring>
        <name>connectToDatabase</name>
        <qualifiedname>DatabaseManager::connectToDatabase</qualifiedname>
        <briefdescription>
<para>Подключиться к базе данных </para>
        </briefdescription>
        <detaileddescription>
<para>Подключение к базе данных</para>
<para><simplesect kind="return"><para>bool true если подключение успешно, иначе false</para>
</simplesect>
Использует следующие параметры подключения:<itemizedlist>
<listitem><para>Хост: localhost</para>
</listitem><listitem><para>Имя БД: university</para>
</listitem><listitem><para>Пользователь: postgres</para>
</listitem><listitem><para>Пароль: 1488</para>
</listitem></itemizedlist>
</para>
<para><simplesect kind="return"><para>bool Результат операции подключения</para>
</simplesect>
Устанавливает параметры подключения и пытается открыть соединение. В случае успеха инициализирует структуру базы данных. </para>
        </detaileddescription>
        <inbodydescription>
        </inbodydescription>
        <location file="src/models/DatabaseManager.h" line="57" column="10" bodyfile="src/models/DatabaseManager.cpp" bodystart="42" bodyend="59"/>
      </memberdef>
      <memberdef kind="function" id="class_database_manager_1aa4191649a436b20af9d2151e141ee148" prot="public" static="no" const="yes" explicit="no" inline="no" virt="non-virtual">
        <type>bool</type>
        <definition>bool DatabaseManager::isConnected</definition>
        <argsstring>() const</argsstring>
        <name>isConnected</name>
        <qualifiedname>DatabaseManager::isConnected</qualifiedname>
        <briefdescription>
<para>Проверить подключение к базе данных </para>
        </briefdescription>
        <detaileddescription>
<para>Проверка подключения к базе данных</para>
<para><simplesect kind="return"><para>bool true если подключение активно</para>
</simplesect>
<simplesect kind="return"><para>bool Состояние подключения </para>
</simplesect>
</para>
        </detaileddescription>
        <inbodydescription>
        </inbodydescription>
        <location file="src/models/DatabaseManager.h" line="63" column="10" bodyfile="src/models/DatabaseManager.cpp" bodystart="65" bodyend="68"/>
      </memberdef>
      <memberdef kind="function" id="class_database_manager_1ad983596fc20516e09f7d265b9cbf276e" prot="public" static="no" const="no" explicit="no" inline="no" virt="non-virtual">
        <type>QList&lt; <ref refid="class_teacher" kindref="compound">Teacher</ref> * &gt;</type>
        <definition>QList&lt; Teacher * &gt; DatabaseManager::getAllTeachers</definition>
        <argsstring>()</argsstring>
        <name>getAllTeachers</name>
        <qualifiedname>DatabaseManager::getAllTeachers</qualifiedname>
        <briefdescription>
<para>Получить всех преподавателей </para>
        </briefdescription>
        <detaileddescription>
<para>Получение списка всех преподавателей</para>
<para><simplesect kind="return"><para>QList&lt;Teacher*&gt; Список указателей на объекты <ref refid="class_teacher" kindref="compound">Teacher</ref></para>
</simplesect>
<simplesect kind="note"><para>Ответственность за удаление объектов лежит на вызывающей стороне</para>
</simplesect>
<simplesect kind="return"><para>QList&lt;Teacher*&gt; Список преподавателей</para>
</simplesect>
<simplesect kind="note"><para>Вызывающая сторона должна освободить память объектов <ref refid="class_teacher" kindref="compound">Teacher</ref> </para>
</simplesect>
</para>
        </detaileddescription>
        <inbodydescription>
        </inbodydescription>
        <location file="src/models/DatabaseManager.h" line="73" column="11" bodyfile="src/models/DatabaseManager.cpp" bodystart="106" bodyend="121"/>
      </memberdef>
      <memberdef kind="function" id="class_database_manager_1a6b2228573c7cca37f4d92f253a3c0e1e" prot="public" static="no" const="no" explicit="no" inline="no" virt="non-virtual">
        <type>bool</type>
        <definition>bool DatabaseManager::addTeacher</definition>
        <argsstring>(const QString &amp;fullName, const QString &amp;department)</argsstring>
        <name>addTeacher</name>
        <qualifiedname>DatabaseManager::addTeacher</qualifiedname>
        <param>
          <type>const QString &amp;</type>
          <declname>fullName</declname>
        </param>
        <param>
          <type>const QString &amp;</type>
          <declname>department</declname>
        </param>
        <briefdescription>
<para>Добавить нового преподавателя </para>
        </briefdescription>
        <detaileddescription>
<para>Добавление нового преподавателя</para>
<para><parameterlist kind="param"><parameteritem>
<parameternamelist>
<parametername>fullName</parametername>
</parameternamelist>
<parameterdescription>
<para>Полное имя преподавателя </para>
</parameterdescription>
</parameteritem>
<parameteritem>
<parameternamelist>
<parametername>department</parametername>
</parameternamelist>
<parameterdescription>
<para>Кафедра преподавателя </para>
</parameterdescription>
</parameteritem>
</parameterlist>
<simplesect kind="return"><para>bool true если операция успешна</para>
</simplesect>
<parameterlist kind="param"><parameteritem>
<parameternamelist>
<parametername>fullName</parametername>
</parameternamelist>
<parameterdescription>
<para>Полное имя преподавателя </para>
</parameterdescription>
</parameteritem>
<parameteritem>
<parameternamelist>
<parametername>department</parametername>
</parameternamelist>
<parameterdescription>
<para>Кафедра преподавателя </para>
</parameterdescription>
</parameteritem>
</parameterlist>
<simplesect kind="return"><para>bool Результат операции </para>
</simplesect>
</para>
        </detaileddescription>
        <inbodydescription>
        </inbodydescription>
        <location file="src/models/DatabaseManager.h" line="81" column="10" bodyfile="src/models/DatabaseManager.cpp" bodystart="129" bodyend="141"/>
      </memberdef>
      <memberdef kind="function" id="class_database_manager_1abe33147600a91ed346a8eddc071ed974" prot="public" static="no" const="no" explicit="no" inline="no" virt="non-virtual">
        <type>bool</type>
        <definition>bool DatabaseManager::deleteTeacher</definition>
        <argsstring>(int id)</argsstring>
        <name>deleteTeacher</name>
        <qualifiedname>DatabaseManager::deleteTeacher</qualifiedname>
        <param>
          <type>int</type>
          <declname>id</declname>
        </param>
        <briefdescription>
<para>Удалить преподавателя по ID. </para>
        </briefdescription>
        <detaileddescription>
<para>Удаление преподавателя по ID.</para>
<para><parameterlist kind="param"><parameteritem>
<parameternamelist>
<parametername>id</parametername>
</parameternamelist>
<parameterdescription>
<para>Идентификатор преподавателя </para>
</parameterdescription>
</parameteritem>
</parameterlist>
<simplesect kind="return"><para>bool true если удаление успешно</para>
</simplesect>
<parameterlist kind="param"><parameteritem>
<parameternamelist>
<parametername>id</parametername>
</parameternamelist>
<parameterdescription>
<para>Идентификатор преподавателя </para>
</parameterdescription>
</parameteritem>
</parameterlist>
<simplesect kind="return"><para>bool Результат операции </para>
</simplesect>
</para>
        </detaileddescription>
        <inbodydescription>
        </inbodydescription>
        <location file="src/models/DatabaseManager.h" line="88" column="10" bodyfile="src/models/DatabaseManager.cpp" bodystart="148" bodyend="159"/>
      </memberdef>
      <memberdef kind="function" id="class_database_manager_1a90aab752b4fa4526946827e6d48920db" prot="public" static="no" const="no" explicit="no" inline="no" virt="non-virtual">
        <type><ref refid="class_teacher" kindref="compound">Teacher</ref> *</type>
        <definition>Teacher * DatabaseManager::getTeacherById</definition>
        <argsstring>(int id)</argsstring>
        <name>getTeacherById</name>
        <qualifiedname>DatabaseManager::getTeacherById</qualifiedname>
        <param>
          <type>int</type>
          <declname>id</declname>
        </param>
        <briefdescription>
<para>Найти преподавателя по ID. </para>
        </briefdescription>
        <detaileddescription>
<para>Поиск преподавателя по ID.</para>
<para><parameterlist kind="param"><parameteritem>
<parameternamelist>
<parametername>id</parametername>
</parameternamelist>
<parameterdescription>
<para>Идентификатор преподавателя </para>
</parameterdescription>
</parameteritem>
</parameterlist>
<simplesect kind="return"><para>Teacher* Указатель на объект <ref refid="class_teacher" kindref="compound">Teacher</ref> или nullptr если не найден</para>
</simplesect>
<parameterlist kind="param"><parameteritem>
<parameternamelist>
<parametername>id</parametername>
</parameternamelist>
<parameterdescription>
<para>Идентификатор преподавателя </para>
</parameterdescription>
</parameteritem>
</parameterlist>
<simplesect kind="return"><para>Teacher* Найденный преподаватель или nullptr </para>
</simplesect>
</para>
        </detaileddescription>
        <inbodydescription>
        </inbodydescription>
        <location file="src/models/DatabaseManager.h" line="95" column="13" bodyfile="src/models/DatabaseManager.cpp" bodystart="166" bodyend="180"/>
      </memberdef>
      <memberdef kind="function" id="class_database_manager_1a2c4992fff3cd0c47b06ccf5770a21c2d" prot="public" static="no" const="no" explicit="no" inline="no" virt="non-virtual">
        <type>QList&lt; <ref refid="class_student" kindref="compound">Student</ref> * &gt;</type>
        <definition>QList&lt; Student * &gt; DatabaseManager::getAllStudents</definition>
        <argsstring>()</argsstring>
        <name>getAllStudents</name>
        <qualifiedname>DatabaseManager::getAllStudents</qualifiedname>
        <briefdescription>
<para>Получить всех студентов </para>
        </briefdescription>
        <detaileddescription>
<para>Получение списка всех студентов</para>
<para><simplesect kind="return"><para>QList&lt;Student*&gt; Список указателей на объекты <ref refid="class_student" kindref="compound">Student</ref></para>
</simplesect>
<simplesect kind="return"><para>QList&lt;Student*&gt; Список студентов </para>
</simplesect>
</para>
        </detaileddescription>
        <inbodydescription>
        </inbodydescription>
        <location file="src/models/DatabaseManager.h" line="103" column="11" bodyfile="src/models/DatabaseManager.cpp" bodystart="186" bodyend="201"/>
      </memberdef>
      <memberdef kind="function" id="class_database_manager_1a81b399a7da98cf9ea99b3d35ef524405" prot="public" static="no" const="no" explicit="no" inline="no" virt="non-virtual">
        <type>bool</type>
        <definition>bool DatabaseManager::addStudent</definition>
        <argsstring>(const QString &amp;fullName, int grade)</argsstring>
        <name>addStudent</name>
        <qualifiedname>DatabaseManager::addStudent</qualifiedname>
        <param>
          <type>const QString &amp;</type>
          <declname>fullName</declname>
        </param>
        <param>
          <type>int</type>
          <declname>grade</declname>
        </param>
        <briefdescription>
<para>Добавить нового студента </para>
        </briefdescription>
        <detaileddescription>
<para>Добавление нового студента</para>
<para><parameterlist kind="param"><parameteritem>
<parameternamelist>
<parametername>fullName</parametername>
</parameternamelist>
<parameterdescription>
<para>Полное имя студента </para>
</parameterdescription>
</parameteritem>
<parameteritem>
<parameternamelist>
<parametername>grade</parametername>
</parameternamelist>
<parameterdescription>
<para>Оценка студента (1-5) </para>
</parameterdescription>
</parameteritem>
</parameterlist>
<simplesect kind="return"><para>bool true если операция успешна</para>
</simplesect>
<parameterlist kind="param"><parameteritem>
<parameternamelist>
<parametername>fullName</parametername>
</parameternamelist>
<parameterdescription>
<para>Полное имя студента </para>
</parameterdescription>
</parameteritem>
<parameteritem>
<parameternamelist>
<parametername>grade</parametername>
</parameternamelist>
<parameterdescription>
<para>Оценка студента </para>
</parameterdescription>
</parameteritem>
</parameterlist>
<simplesect kind="return"><para>bool Результат операции </para>
</simplesect>
</para>
        </detaileddescription>
        <inbodydescription>
        </inbodydescription>
        <location file="src/models/DatabaseManager.h" line="111" column="10" bodyfile="src/models/DatabaseManager.cpp" bodystart="209" bodyend="221"/>
      </memberdef>
      <memberdef kind="function" id="class_database_manager_1ad45b95581569764fefd3ecc4cd44b0f6" prot="public" static="no" const="no" explicit="no" inline="no" virt="non-virtual">
        <type>bool</type>
        <definition>bool DatabaseManager::deleteStudent</definition>
        <argsstring>(int id)</argsstring>
        <name>deleteStudent</name>
        <qualifiedname>DatabaseManager::deleteStudent</qualifiedname>
        <param>
          <type>int</type>
          <declname>id</declname>
        </param>
        <briefdescription>
<para>Удалить студента по ID. </para>
        </briefdescription>
        <detaileddescription>
<para>Удаление студента по ID.</para>
<para><parameterlist kind="param"><parameteritem>
<parameternamelist>
<parametername>id</parametername>
</parameternamelist>
<parameterdescription>
<para>Идентификатор студента </para>
</parameterdescription>
</parameteritem>
</parameterlist>
<simplesect kind="return"><para>bool true если удаление успешно</para>
</simplesect>
<parameterlist kind="param"><parameteritem>
<parameternamelist>
<parametername>id</parametername>
</parameternamelist>
<parameterdescription>
<para>Идентификатор студента </para>
</parameterdescription>
</parameteritem>
</parameterlist>
<simplesect kind="return"><para>bool Результат операции </para>
</simplesect>
</para>
        </detaileddescription>
        <inbodydescription>
        </inbodydescription>
        <location file="src/models/DatabaseManager.h" line="118" column="10" bodyfile="src/models/DatabaseManager.cpp" bodystart="228" bodyend="239"/>
      </memberdef>
      <memberdef kind="function" id="class_database_manager_1a5ef7b3f43dd00d37e26a95e53abad3b7" prot="public" static="no" const="no" explicit="no" inline="no" virt="non-virtual">
        <type><ref refid="class_student" kindref="compound">Student</ref> *</type>
        <definition>Student * DatabaseManager::getStudentById</definition>
        <argsstring>(int id)</argsstring>
        <name>getStudentById</name>
        <qualifiedname>DatabaseManager::getStudentById</qualifiedname>
        <param>
          <type>int</type>
          <declname>id</declname>
        </param>
        <briefdescription>
<para>Найти студента по ID. </para>
        </briefdescription>
        <detaileddescription>
<para>Поиск студента по ID.</para>
<para><parameterlist kind="param"><parameteritem>
<parameternamelist>
<parametername>id</parametername>
</parameternamelist>
<parameterdescription>
<para>Идентификатор студента </para>
</parameterdescription>
</parameteritem>
</parameterlist>
<simplesect kind="return"><para>Student* Указатель на объект <ref refid="class_student" kindref="compound">Student</ref> или nullptr если не найден</para>
</simplesect>
<parameterlist kind="param"><parameteritem>
<parameternamelist>
<parametername>id</parametername>
</parameternamelist>
<parameterdescription>
<para>Идентификатор студента </para>
</parameterdescription>
</parameteritem>
</parameterlist>
<simplesect kind="return"><para>Student* Найденный студент или nullptr </para>
</simplesect>
</para>
        </detaileddescription>
        <inbodydescription>
        </inbodydescription>
        <location file="src/models/DatabaseManager.h" line="125" column="13" bodyfile="src/models/DatabaseManager.cpp" bodystart="246" bodyend="260"/>
      </memberdef>
      <memberdef kind="function" id="class_database_manager_1a352a1254eaf18855012d3efc3de4b725" prot="public" static="no" const="no" explicit="no" inline="no" virt="non-virtual">
        <type>QList&lt; <ref refid="class_subject" kindref="compound">Subject</ref> * &gt;</type>
        <definition>QList&lt; Subject * &gt; DatabaseManager::getAllSubjects</definition>
        <argsstring>()</argsstring>
        <name>getAllSubjects</name>
        <qualifiedname>DatabaseManager::getAllSubjects</qualifiedname>
        <briefdescription>
<para>Получить все предметы </para>
        </briefdescription>
        <detaileddescription>
<para>Получение списка всех предметов</para>
<para><simplesect kind="return"><para>QList&lt;Subject*&gt; Список указателей на объекты <ref refid="class_subject" kindref="compound">Subject</ref></para>
</simplesect>
<simplesect kind="return"><para>QList&lt;Subject*&gt; Список предметов </para>
</simplesect>
</para>
        </detaileddescription>
        <inbodydescription>
        </inbodydescription>
        <location file="src/models/DatabaseManager.h" line="133" column="11" bodyfile="src/models/DatabaseManager.cpp" bodystart="266" bodyend="280"/>
      </memberdef>
      <memberdef kind="function" id="class_database_manager_1af9aa5f94b44794305aabf87706856886" prot="public" static="no" const="no" explicit="no" inline="no" virt="non-virtual">
        <type>bool</type>
        <definition>bool DatabaseManager::addSubject</definition>
        <argsstring>(const QString &amp;name)</argsstring>
        <name>addSubject</name>
        <qualifiedname>DatabaseManager::addSubject</qualifiedname>
        <param>
          <type>const QString &amp;</type>
          <declname>name</declname>
        </param>
        <briefdescription>
<para>Добавить новый предмет </para>
        </briefdescription>
        <detaileddescription>
<para>Добавление нового предмета</para>
<para><parameterlist kind="param"><parameteritem>
<parameternamelist>
<parametername>name</parametername>
</parameternamelist>
<parameterdescription>
<para>Название предмета </para>
</parameterdescription>
</parameteritem>
</parameterlist>
<simplesect kind="return"><para>bool true если операция успешна</para>
</simplesect>
<parameterlist kind="param"><parameteritem>
<parameternamelist>
<parametername>name</parametername>
</parameternamelist>
<parameterdescription>
<para>Название предмета </para>
</parameterdescription>
</parameteritem>
</parameterlist>
<simplesect kind="return"><para>bool Результат операции </para>
</simplesect>
</para>
        </detaileddescription>
        <inbodydescription>
        </inbodydescription>
        <location file="src/models/DatabaseManager.h" line="140" column="10" bodyfile="src/models/DatabaseManager.cpp" bodystart="287" bodyend="298"/>
      </memberdef>
      <memberdef kind="function" id="class_database_manager_1a7a9386b64550d768609faf7227878e2d" prot="public" static="no" const="no" explicit="no" inline="no" virt="non-virtual">
        <type>bool</type>
        <definition>bool DatabaseManager::deleteSubject</definition>
        <argsstring>(int id)</argsstring>
        <name>deleteSubject</name>
        <qualifiedname>DatabaseManager::deleteSubject</qualifiedname>
        <param>
          <type>int</type>
          <declname>id</declname>
        </param>
        <briefdescription>
<para>Удалить предмет по ID. </para>
        </briefdescription>
        <detaileddescription>
<para>Удаление предмета по ID.</para>
<para><parameterlist kind="param"><parameteritem>
<parameternamelist>
<parametername>id</parametername>
</parameternamelist>
<parameterdescription>
<para>Идентификатор предмета </para>
</parameterdescription>
</parameteritem>
</parameterlist>
<simplesect kind="return"><para>bool true если удаление успешно</para>
</simplesect>
<parameterlist kind="param"><parameteritem>
<parameternamelist>
<parametername>id</parametername>
</parameternamelist>
<parameterdescription>
<para>Идентификатор предмета </para>
</parameterdescription>
</parameteritem>
</parameterlist>
<simplesect kind="return"><para>bool Результат операции </para>
</simplesect>
</para>
        </detaileddescription>
        <inbodydescription>
        </inbodydescription>
        <location file="src/models/DatabaseManager.h" line="147" column="10" bodyfile="src/models/DatabaseManager.cpp" bodystart="305" bodyend="316"/>
      </memberdef>
      <memberdef kind="function" id="class_database_manager_1a41acbbccbbec7c615b8e3c7086d94f3a" prot="public" static="no" const="no" explicit="no" inline="no" virt="non-virtual">
        <type><ref refid="class_subject" kindref="compound">Subject</ref> *</type>
        <definition>Subject * DatabaseManager::getSubjectById</definition>
        <argsstring>(int id)</argsstring>
        <name>getSubjectById</name>
        <qualifiedname>DatabaseManager::getSubjectById</qualifiedname>
        <param>
          <type>int</type>
          <declname>id</declname>
        </param>
        <briefdescription>
<para>Найти предмет по ID. </para>
        </briefdescription>
        <detaileddescription>
<para>Поиск предмета по ID.</para>
<para><parameterlist kind="param"><parameteritem>
<parameternamelist>
<parametername>id</parametername>
</parameternamelist>
<parameterdescription>
<para>Идентификатор предмета </para>
</parameterdescription>
</parameteritem>
</parameterlist>
<simplesect kind="return"><para>Subject* Указатель на объект <ref refid="class_subject" kindref="compound">Subject</ref> или nullptr если не найден</para>
</simplesect>
<parameterlist kind="param"><parameteritem>
<parameternamelist>
<parametername>id</parametername>
</parameternamelist>
<parameterdescription>
<para>Идентификатор предмета </para>
</parameterdescription>
</parameteritem>
</parameterlist>
<simplesect kind="return"><para>Subject* Найденный предмет или nullptr </para>
</simplesect>
</para>
        </detaileddescription>
        <inbodydescription>
        </inbodydescription>
        <location file="src/models/DatabaseManager.h" line="154" column="13" bodyfile="src/models/DatabaseManager.cpp" bodystart="323" bodyend="336"/>
      </memberdef>
      <memberdef kind="function" id="class_database_manager_1abbb298eb17fa1eff28ec9f7d1fb3c84a" prot="public" static="no" const="yes" explicit="no" inline="no" virt="non-virtual">
        <type>int</type>
        <definition>int DatabaseManager::getTotalRecords</definition>
        <argsstring>() const</argsstring>
        <name>getTotalRecords</name>
        <qualifiedname>DatabaseManager::getTotalRecords</qualifiedname>
        <briefdescription>
<para>Получить общее количество записей во всех таблицах </para>
        </briefdescription>
        <detaileddescription>
<para>Получение общего количества записей</para>
<para><simplesect kind="return"><para>int Суммарное количество записей</para>
</simplesect>
<simplesect kind="return"><para>int Суммарное количество записей во всех таблицах </para>
</simplesect>
</para>
        </detaileddescription>
        <inbodydescription>
        </inbodydescription>
        <location file="src/models/DatabaseManager.h" line="162" column="9" bodyfile="src/models/DatabaseManager.cpp" bodystart="342" bodyend="357"/>
      </memberdef>
    </sectiondef>
    <sectiondef kind="signal">
      <memberdef kind="signal" id="class_database_manager_1a582b4461e77e9845e1ba5115b114d1d6" prot="public" static="no" const="no" explicit="no" inline="no" virt="non-virtual">
        <type>void</type>
        <definition>void DatabaseManager::databaseConnected</definition>
        <argsstring>(bool success)</argsstring>
        <name>databaseConnected</name>
        <qualifiedname>DatabaseManager::databaseConnected</qualifiedname>
        <param>
          <type>bool</type>
          <declname>success</declname>
        </param>
        <briefdescription>
<para>Сигнал о изменении состояния подключения к БД </para>
        </briefdescription>
        <detaileddescription>
<para><parameterlist kind="param"><parameteritem>
<parameternamelist>
<parametername>success</parametername>
</parameternamelist>
<parameterdescription>
<para>true если подключение успешно установлено </para>
</parameterdescription>
</parameteritem>
</parameterlist>
</para>
        </detaileddescription>
        <inbodydescription>
        </inbodydescription>
        <location file="src/models/DatabaseManager.h" line="169" column="10"/>
      </memberdef>
      <memberdef kind="signal" id="class_database_manager_1a1db64961db807b5d816ffd358d93f0d2" prot="public" static="no" const="no" explicit="no" inline="no" virt="non-virtual">
        <type>void</type>
        <definition>void DatabaseManager::dataChanged</definition>
        <argsstring>()</argsstring>
        <name>dataChanged</name>
        <qualifiedname>DatabaseManager::dataChanged</qualifiedname>
        <briefdescription>
<para>Сигнал об изменении данных в базе </para>
        </briefdescription>
        <detaileddescription>
<para>Генерируется при любых операциях изменения данных (добавление, удаление) </para>
        </detaileddescription>
        <inbodydescription>
        </inbodydescription>
        <location file="src/models/DatabaseManager.h" line="175" column="10"/>
      </memberdef>
    </sectiondef>
    <sectiondef kind="private-func">
      <memberdef kind="function" id="class_database_manager_1aa21c9b72ba21899ace7cfef2838514a7" prot="private" static="no" const="no" explicit="no" inline="no" virt="non-virtual">
        <type>void</type>
        <definition>void DatabaseManager::initializeDatabase</definition>
        <argsstring>()</argsstring>
        <name>initializeDatabase</name>
        <qualifiedname>DatabaseManager::initializeDatabase</qualifiedname>
        <briefdescription>
<para>Инициализировать базу данных </para>
        </briefdescription>
        <detaileddescription>
<para>Инициализация структуры базы данных</para>
<para>Создает необходимые таблицы если они не существуют</para>
<para>Создает три таблицы если они не существуют:<itemizedlist>
<listitem><para>teachers: преподаватели</para>
</listitem><listitem><para>students: студенты <linebreak/>
</para>
</listitem><listitem><para>subjects: предметы </para>
</listitem></itemizedlist>
</para>
        </detaileddescription>
        <inbodydescription>
        </inbodydescription>
        <location file="src/models/DatabaseManager.h" line="182" column="10" bodyfile="src/models/DatabaseManager.cpp" bodystart="78" bodyend="98"/>
      </memberdef>
    </sectiondef>
    <briefdescription>
<para>Класс для управления подключением и операциями с базой данных </para>
    </briefdescription>
    <detaileddescription>
<para>Отвечает за:<itemizedlist>
<listitem><para>Подключение к PostgreSQL базе данных</para>
</listitem><listitem><para>Создание таблиц при необходимости</para>
</listitem><listitem><para>Выполнение CRUD операций</para>
</listitem><listitem><para>Управление соединением с БД</para>
</listitem></itemizedlist>
</para>
<para><simplesect kind="warning"><para>Для работы требуется драйвер QPSQL </para>
</simplesect>
</para>
    </detaileddescription>
    <inheritancegraph>
      <node id="1">
        <label>DatabaseManager</label>
        <link refid="class_database_manager"/>
        <childnode refid="2" relation="public-inheritance">
        </childnode>
      </node>
      <node id="2">
        <label>QObject</label>
      </node>
    </inheritancegraph>
    <collaborationgraph>
      <node id="1">
        <label>DatabaseManager</label>
        <link refid="class_database_manager"/>
        <childnode refid="2" relation="public-inheritance">
        </childnode>
      </node>
      <node id="2">
        <label>QObject</label>
      </node>
    </collaborationgraph>
    <location file="src/models/DatabaseManager.h" line="30" column="1" bodyfile="src/models/DatabaseManager.h" bodystart="31" bodyend="188"/>
    <listofallmembers>
      <member refid="class_database_manager_1a81b399a7da98cf9ea99b3d35ef524405" prot="public" virt="non-virtual"><scope>DatabaseManager</scope><name>addStudent</name></member>
      <member refid="class_database_manager_1af9aa5f94b44794305aabf87706856886" prot="public" virt="non-virtual"><scope>DatabaseManager</scope><name>addSubject</name></member>
      <member refid="class_database_manager_1a6b2228573c7cca37f4d92f253a3c0e1e" prot="public" virt="non-virtual"><scope>DatabaseManager</scope><name>addTeacher</name></member>
      <member refid="class_database_manager_1a6eb61705ccd1925062cdd6835afff7f4" prot="public" virt="non-virtual"><scope>DatabaseManager</scope><name>connectToDatabase</name></member>
      <member refid="class_database_manager_1a582b4461e77e9845e1ba5115b114d1d6" prot="public" virt="non-virtual"><scope>DatabaseManager</scope><name>databaseConnected</name></member>
      <member refid="class_database_manager_1aebfb8cc7427256623ccbe059b30b6450" prot="public" virt="non-virtual"><scope>DatabaseManager</scope><name>DatabaseManager</name></member>
      <member refid="class_database_manager_1a1db64961db807b5d816ffd358d93f0d2" prot="public" virt="non-virtual"><scope>DatabaseManager</scope><name>dataChanged</name></member>
      <member refid="class_database_manager_1ad45b95581569764fefd3ecc4cd44b0f6" prot="public" virt="non-virtual"><scope>DatabaseManager</scope><name>deleteStudent</name></member>
      <member refid="class_database_manager_1a7a9386b64550d768609faf7227878e2d" prot="public" virt="non-virtual"><scope>DatabaseManager</scope><name>deleteSubject</name></member>
      <member refid="class_database_manager_1abe33147600a91ed346a8eddc071ed974" prot="public" virt="non-virtual"><scope>DatabaseManager</scope><name>deleteTeacher</name></member>
      <member refid="class_database_manager_1a2c4992fff3cd0c47b06ccf5770a21c2d" prot="public" virt="non-virtual"><scope>DatabaseManager</scope><name>getAllStudents</name></member>
      <member refid="class_database_manager_1a352a1254eaf18855012d3efc3de4b725" prot="public" virt="non-virtual"><scope>DatabaseManager</scope><name>getAllSubjects</name></member>
      <member refid="class_database_manager_1ad983596fc20516e09f7d265b9cbf276e" prot="public" virt="non-virtual"><scope>DatabaseManager</scope><name>getAllTeachers</name></member>
      <member refid="class_database_manager_1a5ef7b3f43dd00d37e26a95e53abad3b7" prot="public" virt="non-virtual"><scope>DatabaseManager</scope><name>getStudentById</name></member>
      <member refid="class_database_manager_1a41acbbccbbec7c615b8e3c7086d94f3a" prot="public" virt="non-virtual"><scope>DatabaseManager</scope><name>getSubjectById</name></member>
      <member refid="class_database_manager_1a90aab752b4fa4526946827e6d48920db" prot="public" virt="non-virtual"><scope>DatabaseManager</scope><name>getTeacherById</name></member>
      <member refid="class_database_manager_1abbb298eb17fa1eff28ec9f7d1fb3c84a" prot="public" virt="non-virtual"><scope>DatabaseManager</scope><name>getTotalRecords</name></member>
      <member refid="class_database_manager_1aa21c9b72ba21899ace7cfef2838514a7" prot="private" virt="non-virtual"><scope>DatabaseManager</scope><name>initializeDatabase</name></member>
      <member refid="class_database_manager_1aa4191649a436b20af9d2151e141ee148" prot="public" virt="non-virtual"><scope>DatabaseManager</scope><name>isConnected</name></member>
      <member refid="class_database_manager_1a41b1b7fcff4aaad61c0d2ab44ef037fa" prot="private" virt="non-virtual"><scope>DatabaseManager</scope><name>m_database</name></member>
      <member refid="class_database_manager_1ae9b3a5da1e04fbb00faf8a034da1d063" prot="public" virt="non-virtual"><scope>DatabaseManager</scope><name>~DatabaseManager</name></member>
    </listofallmembers>
  </compounddef>
</doxygen>
