<?xml version='1.0' encoding='UTF-8' standalone='no'?>
<doxygen xmlns:xsi="http://www.w3.org/2001/XMLSchema-instance" xsi:noNamespaceSchemaLocation="compound.xsd" version="1.16.1" xml:lang="en-US">
  <compounddef id="class_university_view_model" kind="class" language="C++" prot="public">
    <compoundname>UniversityViewModel</compoundname>
    <basecompoundref prot="public" virt="non-virtual">QObject</basecompoundref>
    <includes refid="_university_view_model_8h" local="no">UniversityViewModel.h</includes>
    <sectiondef kind="property">
      <memberdef kind="property" id="class_university_view_model_1aee257b94583aa33bca5b9466f1fc0f13" prot="public" static="no" readable="yes" writable="no" gettable="no" privategettable="no" protectedgettable="no" settable="no" privatesettable="no" protectedsettable="no">
        <type>QStringList</type>
        <definition>QStringList UniversityViewModel::teachers</definition>
        <argsstring></argsstring>
        <name>teachers</name>
        <qualifiedname>UniversityViewModel::teachers</qualifiedname>
        <read>teachers</read>
        <briefdescription>
<para>Список преподавателей в строковом формате </para>
        </briefdescription>
        <detaileddescription>
        </detaileddescription>
        <inbodydescription>
        </inbodydescription>
        <location file="src/viewmodels/UniversityViewModel.h" line="45" column="5" bodyfile="src/viewmodels/UniversityViewModel.h" bodystart="45" bodyend="-1"/>
      </memberdef>
      <memberdef kind="property" id="class_university_view_model_1af0fcb1bc0b9d63016d67968660f8b6fe" prot="public" static="no" readable="yes" writable="no" gettable="no" privategettable="no" protectedgettable="no" settable="no" privatesettable="no" protectedsettable="no">
        <type>QStringList</type>
        <definition>QStringList UniversityViewModel::students</definition>
        <argsstring></argsstring>
        <name>students</name>
        <qualifiedname>UniversityViewModel::students</qualifiedname>
        <read>students</read>
        <briefdescription>
<para>Список студентов в строковом формате </para>
        </briefdescription>
        <detaileddescription>
        </detaileddescription>
        <inbodydescription>
        </inbodydescription>
        <location file="src/viewmodels/UniversityViewModel.h" line="46" column="5" bodyfile="src/viewmodels/UniversityViewModel.h" bodystart="46" bodyend="-1"/>
      </memberdef>
      <memberdef kind="property" id="class_university_view_model_1a23268e3bd77bf02f47b107a560b8eb1f" prot="public" static="no" readable="yes" writable="no" gettable="no" privategettable="no" protectedgettable="no" settable="no" privatesettable="no" protectedsettable="no">
        <type>QStringList</type>
        <definition>QStringList UniversityViewModel::subjects</definition>
        <argsstring></argsstring>
        <name>subjects</name>
        <qualifiedname>UniversityViewModel::subjects</qualifiedname>
        <read>subjects</read>
        <briefdescription>
<para>Список предметов в строковом формате </para>
        </briefdescription>
        <detaileddescription>
        </detaileddescription>
        <inbodydescription>
        </inbodydescription>
        <location file="src/viewmodels/UniversityViewModel.h" line="47" column="5" bodyfile="src/viewmodels/UniversityViewModel.h" bodystart="47" bodyend="-1"/>
      </memberdef>
      <memberdef kind="property" id="class_university_view_model_1ae2f05cabc7d523e1d8babb0256b020cc" prot="public" static="no" readable="yes" writable="no" gettable="no" privategettable="no" protectedgettable="no" settable="no" privatesettable="no" protectedsettable="no">
        <type>int</type>
        <definition>int UniversityViewModel::totalRecords</definition>
        <argsstring></argsstring>
        <name>totalRecords</name>
        <qualifiedname>UniversityViewModel::totalRecords</qualifiedname>
        <read>totalRecords</read>
        <briefdescription>
<para>Общее количество записей во всех таблицах </para>
        </briefdescription>
        <detaileddescription>
        </detaileddescription>
        <inbodydescription>
        </inbodydescription>
        <location file="src/viewmodels/UniversityViewModel.h" line="48" column="5" bodyfile="src/viewmodels/UniversityViewModel.h" bodystart="48" bodyend="-1"/>
      </memberdef>
      <memberdef kind="property" id="class_university_view_model_1a1198c2612b4c33f02d17ad5b62a161be" prot="public" static="no" readable="yes" writable="no" gettable="no" privategettable="no" protectedgettable="no" settable="no" privatesettable="no" protectedsettable="no">
        <type>bool</type>
        <definition>bool UniversityViewModel::isConnected</definition>
        <argsstring></argsstring>
        <name>isConnected</name>
        <qualifiedname>UniversityViewModel::isConnected</qualifiedname>
        <read>isConnected</read>
        <briefdescription>
<para>Состояние подключения к базе данных </para>
        </briefdescription>
        <detaileddescription>
        </detaileddescription>
        <inbodydescription>
        </inbodydescription>
        <location file="src/viewmodels/UniversityViewModel.h" line="49" column="5" bodyfile="src/viewmodels/UniversityViewModel.h" bodystart="49" bodyend="-1"/>
      </memberdef>
    </sectiondef>
    <sectiondef kind="private-attrib">
      <memberdef kind="variable" id="class_university_view_model_1ac75cd4ef4e5b2af21318c6215a606dc5" prot="private" static="no" mutable="no">
        <type><ref refid="class_database_manager" kindref="compound">DatabaseManager</ref> *</type>
        <definition>DatabaseManager* UniversityViewModel::m_dbManager</definition>
        <argsstring></argsstring>
        <name>m_dbManager</name>
        <qualifiedname>UniversityViewModel::m_dbManager</qualifiedname>
        <briefdescription>
<para>Менеджер базы данных </para>
        </briefdescription>
        <detaileddescription>
        </detaileddescription>
        <inbodydescription>
        </inbodydescription>
        <location file="src/viewmodels/UniversityViewModel.h" line="185" column="21" bodyfile="src/viewmodels/UniversityViewModel.h" bodystart="185" bodyend="-1"/>
      </memberdef>
      <memberdef kind="variable" id="class_university_view_model_1a27aeb88543535057640d3939159c0712" prot="private" static="no" mutable="no">
        <type>QStringList</type>
        <definition>QStringList UniversityViewModel::m_teachers</definition>
        <argsstring></argsstring>
        <name>m_teachers</name>
        <qualifiedname>UniversityViewModel::m_teachers</qualifiedname>
        <briefdescription>
<para>Кэшированный список преподавателей </para>
        </briefdescription>
        <detaileddescription>
        </detaileddescription>
        <inbodydescription>
        </inbodydescription>
        <location file="src/viewmodels/UniversityViewModel.h" line="186" column="17" bodyfile="src/viewmodels/UniversityViewModel.h" bodystart="186" bodyend="-1"/>
      </memberdef>
      <memberdef kind="variable" id="class_university_view_model_1a323c8bc2b453665c1c076f916926da6c" prot="private" static="no" mutable="no">
        <type>QStringList</type>
        <definition>QStringList UniversityViewModel::m_students</definition>
        <argsstring></argsstring>
        <name>m_students</name>
        <qualifiedname>UniversityViewModel::m_students</qualifiedname>
        <briefdescription>
<para>Кэшированный список студентов </para>
        </briefdescription>
        <detaileddescription>
        </detaileddescription>
        <inbodydescription>
        </inbodydescription>
        <location file="src/viewmodels/UniversityViewModel.h" line="187" column="17" bodyfile="src/viewmodels/UniversityViewModel.h" bodystart="187" bodyend="-1"/>
      </memberdef>
      <memberdef kind="variable" id="class_university_view_model_1a3cafd2ee7e6afb9790d935e9114732d6" prot="private" static="no" mutable="no">
        <type>QStringList</type>
        <definition>QStringList UniversityViewModel::m_subjects</definition>
        <argsstring></argsstring>
        <name>m_subjects</name>
        <qualifiedname>UniversityViewModel::m_subjects</qualifiedname>
        <briefdescription>
<para>Кэшированный список предметов </para>
        </briefdescription>
        <detaileddescription>
        </detaileddescription>
        <inbodydescription>
        </inbodydescription>
        <location file="src/viewmodels/UniversityViewModel.h" line="188" column="17" bodyfile="src/viewmodels/UniversityViewModel.h" bodystart="188" bodyend="-1"/>
      </memberdef>
    </sectiondef>
    <sectiondef kind="public-func">
      <memberdef kind="function" id="class_university_view_model_1a2b7a43f6407fe80c61a32172aaf95efe" prot="public" static="no" const="no" explicit="yes" inline="no" virt="non-virtual">
        <type></type>
        <definition>UniversityViewModel::UniversityViewModel</definition>
        <argsstring>(QObject *parent=nullptr)</argsstring>
        <name>UniversityViewModel</name>
        <qualifiedname>UniversityViewModel::UniversityViewModel</qualifiedname>
        <param>
          <type>QObject *</type>
          <declname>parent</declname>
          <defval>nullptr</defval>
        </param>
        <briefdescription>
<para>Конструктор <ref refid="class_university_view_model" kindref="compound">UniversityViewModel</ref>. </para>
        </briefdescription>
        <detaileddescription>
<para><parameterlist kind="param"><parameteritem>
<parameternamelist>
<parametername>parent</parametername>
</parameternamelist>
<parameterdescription>
<para>Родительский QObject</para>
</parameterdescription>
</parameteritem>
</parameterlist>
При создании автоматически пытается подключиться к БД</para>
<para><parameterlist kind="param"><parameteritem>
<parameternamelist>
<parametername>parent</parametername>
</parameternamelist>
<parameterdescription>
<para>Родительский QObject</para>
</parameterdescription>
</parameteritem>
</parameterlist>
Инициализирует менеджер БД и настраивает соединения сигналов. Автоматически пытается подключиться к БД с небольшой задержкой. </para>
        </detaileddescription>
        <inbodydescription>
        </inbodydescription>
        <location file="src/viewmodels/UniversityViewModel.h" line="58" column="14" bodyfile="src/viewmodels/UniversityViewModel.cpp" bodystart="19" bodyend="34"/>
      </memberdef>
      <memberdef kind="function" id="class_university_view_model_1a44faa8c8a4e9f016d0deb417ea14791b" prot="public" static="no" const="no" explicit="no" inline="no" virt="non-virtual">
        <type></type>
        <definition>UniversityViewModel::~UniversityViewModel</definition>
        <argsstring>()</argsstring>
        <name>~UniversityViewModel</name>
        <qualifiedname>UniversityViewModel::~UniversityViewModel</qualifiedname>
        <briefdescription>
<para>Деструктор <ref refid="class_university_view_model" kindref="compound">UniversityViewModel</ref>. </para>
        </briefdescription>
        <detaileddescription>
<para><simplesect kind="note"><para><ref refid="class_database_manager" kindref="compound">DatabaseManager</ref> автоматически удаляется как дочерний объект </para>
</simplesect>
</para>
        </detaileddescription>
        <inbodydescription>
        </inbodydescription>
        <location file="src/viewmodels/UniversityViewModel.h" line="63" column="5" bodyfile="src/viewmodels/UniversityViewModel.cpp" bodystart="41" bodyend="44"/>
      </memberdef>
      <memberdef kind="function" id="class_university_view_model_1a1a4ceecfe41cd1a3494b16eb02cf87a1" prot="public" static="no" const="yes" explicit="no" inline="no" virt="non-virtual">
        <type>QStringList</type>
        <definition>QStringList UniversityViewModel::teachers</definition>
        <argsstring>() const</argsstring>
        <name>teachers</name>
        <qualifiedname>UniversityViewModel::teachers</qualifiedname>
        <briefdescription>
<para>Получить список преподавателей </para>
        </briefdescription>
        <detaileddescription>
<para>Получение списка преподавателей</para>
<para><simplesect kind="return"><para>QStringList Список преподавателей </para>
</simplesect>
</para>
        </detaileddescription>
        <inbodydescription>
        </inbodydescription>
        <location file="src/viewmodels/UniversityViewModel.h" line="69" column="17" bodyfile="src/viewmodels/UniversityViewModel.cpp" bodystart="68" bodyend="71"/>
      </memberdef>
      <memberdef kind="function" id="class_university_view_model_1a67ceef4edf89f770638a9430c9339b09" prot="public" static="no" const="yes" explicit="no" inline="no" virt="non-virtual">
        <type>QStringList</type>
        <definition>QStringList UniversityViewModel::students</definition>
        <argsstring>() const</argsstring>
        <name>students</name>
        <qualifiedname>UniversityViewModel::students</qualifiedname>
        <briefdescription>
<para>Получить список студентов </para>
        </briefdescription>
        <detaileddescription>
<para>Получение списка студентов</para>
<para><simplesect kind="return"><para>QStringList Список студентов </para>
</simplesect>
</para>
        </detaileddescription>
        <inbodydescription>
        </inbodydescription>
        <location file="src/viewmodels/UniversityViewModel.h" line="75" column="17" bodyfile="src/viewmodels/UniversityViewModel.cpp" bodystart="77" bodyend="80"/>
      </memberdef>
      <memberdef kind="function" id="class_university_view_model_1a6c62af39a419b7ead5222d2ee89f1ea1" prot="public" static="no" const="yes" explicit="no" inline="no" virt="non-virtual">
        <type>QStringList</type>
        <definition>QStringList UniversityViewModel::subjects</definition>
        <argsstring>() const</argsstring>
        <name>subjects</name>
        <qualifiedname>UniversityViewModel::subjects</qualifiedname>
        <briefdescription>
<para>Получить список предметов </para>
        </briefdescription>
        <detaileddescription>
<para>Получение списка предметов</para>
<para><simplesect kind="return"><para>QStringList Список предметов </para>
</simplesect>
</para>
        </detaileddescription>
        <inbodydescription>
        </inbodydescription>
        <location file="src/viewmodels/UniversityViewModel.h" line="81" column="17" bodyfile="src/viewmodels/UniversityViewModel.cpp" bodystart="86" bodyend="89"/>
      </memberdef>
      <memberdef kind="function" id="class_university_view_model_1afcbb701373ac2005297956be48b553b1" prot="public" static="no" const="yes" explicit="no" inline="no" virt="non-virtual">
        <type>int</type>
        <definition>int UniversityViewModel::totalRecords</definition>
        <argsstring>() const</argsstring>
        <name>totalRecords</name>
        <qualifiedname>UniversityViewModel::totalRecords</qualifiedname>
        <briefdescription>
<para>Получить общее количество записей </para>
        </briefdescription>
        <detaileddescription>
<para>Получение общего количества записей</para>
<para><simplesect kind="return"><para>int Количество записей </para>
</simplesect>
</para>
        </detaileddescription>
        <inbodydescription>
        </inbodydescription>
        <location file="src/viewmodels/UniversityViewModel.h" line="87" column="9" bodyfile="src/viewmodels/UniversityViewModel.cpp" bodystart="95" bodyend="98"/>
      </memberdef>
      <memberdef kind="function" id="class_university_view_model_1a8742085f0a81f8b73e2e36fc0a66dc83" prot="public" static="no" const="yes" explicit="no" inline="no" virt="non-virtual">
        <type>bool</type>
        <definition>bool UniversityViewModel::isConnected</definition>
        <argsstring>() const</argsstring>
        <name>isConnected</name>
        <qualifiedname>UniversityViewModel::isConnected</qualifiedname>
        <briefdescription>
<para>Проверить подключение к БД </para>
        </briefdescription>
        <detaileddescription>
<para>Проверка состояния подключения к БД</para>
<para><simplesect kind="return"><para>bool Состояние подключения </para>
</simplesect>
</para>
        </detaileddescription>
        <inbodydescription>
        </inbodydescription>
        <location file="src/viewmodels/UniversityViewModel.h" line="93" column="10" bodyfile="src/viewmodels/UniversityViewModel.cpp" bodystart="59" bodyend="62"/>
      </memberdef>
      <memberdef kind="function" id="class_university_view_model_1a89c1c8896edbab53a69dc9681c2ae14b" prot="public" static="no" const="no" explicit="no" inline="no" virt="non-virtual">
        <type>Q_INVOKABLE bool</type>
        <definition>bool UniversityViewModel::addTeacher</definition>
        <argsstring>(const QString &amp;name, const QString &amp;department)</argsstring>
        <name>addTeacher</name>
        <qualifiedname>UniversityViewModel::addTeacher</qualifiedname>
        <param>
          <type>const QString &amp;</type>
          <declname>name</declname>
        </param>
        <param>
          <type>const QString &amp;</type>
          <declname>department</declname>
        </param>
        <briefdescription>
<para>Добавить преподавателя (инвокабельный метод для QML). </para>
        </briefdescription>
        <detaileddescription>
<para>Добавление преподавателя</para>
<para><parameterlist kind="param"><parameteritem>
<parameternamelist>
<parametername>name</parametername>
</parameternamelist>
<parameterdescription>
<para>Имя преподавателя </para>
</parameterdescription>
</parameteritem>
<parameteritem>
<parameternamelist>
<parametername>department</parametername>
</parameternamelist>
<parameterdescription>
<para>Кафедра </para>
</parameterdescription>
</parameteritem>
</parameterlist>
<simplesect kind="return"><para>bool Результат операции </para>
</simplesect>
</para>
        </detaileddescription>
        <inbodydescription>
        </inbodydescription>
        <location file="src/viewmodels/UniversityViewModel.h" line="101" column="22" bodyfile="src/viewmodels/UniversityViewModel.cpp" bodystart="154" bodyend="169"/>
      </memberdef>
      <memberdef kind="function" id="class_university_view_model_1ab05eeea75aa22665aaeb6b1997a8c687" prot="public" static="no" const="no" explicit="no" inline="no" virt="non-virtual">
        <type>Q_INVOKABLE bool</type>
        <definition>bool UniversityViewModel::addStudent</definition>
        <argsstring>(const QString &amp;name, int grade)</argsstring>
        <name>addStudent</name>
        <qualifiedname>UniversityViewModel::addStudent</qualifiedname>
        <param>
          <type>const QString &amp;</type>
          <declname>name</declname>
        </param>
        <param>
          <type>int</type>
          <declname>grade</declname>
        </param>
        <briefdescription>
<para>Добавить студента (инвокабельный метод для QML). </para>
        </briefdescription>
        <detaileddescription>
<para>Добавление студента</para>
<para><parameterlist kind="param"><parameteritem>
<parameternamelist>
<parametername>name</parametername>
</parameternamelist>
<parameterdescription>
<para>Имя студента </para>
</parameterdescription>
</parameteritem>
<parameteritem>
<parameternamelist>
<parametername>grade</parametername>
</parameternamelist>
<parameterdescription>
<para>Оценка </para>
</parameterdescription>
</parameteritem>
</parameterlist>
<simplesect kind="return"><para>bool Результат операции </para>
</simplesect>
</para>
        </detaileddescription>
        <inbodydescription>
        </inbodydescription>
        <location file="src/viewmodels/UniversityViewModel.h" line="109" column="22" bodyfile="src/viewmodels/UniversityViewModel.cpp" bodystart="177" bodyend="197"/>
      </memberdef>
      <memberdef kind="function" id="class_university_view_model_1a6a693cc485e3d80a5c819f7bac5827b1" prot="public" static="no" const="no" explicit="no" inline="no" virt="non-virtual">
        <type>Q_INVOKABLE bool</type>
        <definition>bool UniversityViewModel::addSubject</definition>
        <argsstring>(const QString &amp;name)</argsstring>
        <name>addSubject</name>
        <qualifiedname>UniversityViewModel::addSubject</qualifiedname>
        <param>
          <type>const QString &amp;</type>
          <declname>name</declname>
        </param>
        <briefdescription>
<para>Добавить предмет (инвокабельный метод для QML). </para>
        </briefdescription>
        <detaileddescription>
<para>Добавление предмета</para>
<para><parameterlist kind="param"><parameteritem>
<parameternamelist>
<parametername>name</parametername>
</parameternamelist>
<parameterdescription>
<para>Название предмета </para>
</parameterdescription>
</parameteritem>
</parameterlist>
<simplesect kind="return"><para>bool Результат операции </para>
</simplesect>
</para>
        </detaileddescription>
        <inbodydescription>
        </inbodydescription>
        <location file="src/viewmodels/UniversityViewModel.h" line="116" column="22" bodyfile="src/viewmodels/UniversityViewModel.cpp" bodystart="204" bodyend="219"/>
      </memberdef>
      <memberdef kind="function" id="class_university_view_model_1ae5bd736d878445f3368e53e0e5d36d93" prot="public" static="no" const="no" explicit="no" inline="no" virt="non-virtual">
        <type>Q_INVOKABLE bool</type>
        <definition>bool UniversityViewModel::deleteTeacher</definition>
        <argsstring>(int id)</argsstring>
        <name>deleteTeacher</name>
        <qualifiedname>UniversityViewModel::deleteTeacher</qualifiedname>
        <param>
          <type>int</type>
          <declname>id</declname>
        </param>
        <briefdescription>
<para>Удалить преподавателя по ID (инвокабельный метод для QML). </para>
        </briefdescription>
        <detaileddescription>
<para>Удаление преподавателя</para>
<para><parameterlist kind="param"><parameteritem>
<parameternamelist>
<parametername>id</parametername>
</parameternamelist>
<parameterdescription>
<para>Идентификатор преподавателя </para>
</parameterdescription>
</parameteritem>
</parameterlist>
<simplesect kind="return"><para>bool Результат операции </para>
</simplesect>
</para>
        </detaileddescription>
        <inbodydescription>
        </inbodydescription>
        <location file="src/viewmodels/UniversityViewModel.h" line="123" column="22" bodyfile="src/viewmodels/UniversityViewModel.cpp" bodystart="226" bodyend="236"/>
      </memberdef>
      <memberdef kind="function" id="class_university_view_model_1af29fe1a670045f9044889fe7dfd26fd7" prot="public" static="no" const="no" explicit="no" inline="no" virt="non-virtual">
        <type>Q_INVOKABLE bool</type>
        <definition>bool UniversityViewModel::deleteStudent</definition>
        <argsstring>(int id)</argsstring>
        <name>deleteStudent</name>
        <qualifiedname>UniversityViewModel::deleteStudent</qualifiedname>
        <param>
          <type>int</type>
          <declname>id</declname>
        </param>
        <briefdescription>
<para>Удалить студента по ID (инвокабельный метод для QML). </para>
        </briefdescription>
        <detaileddescription>
<para>Удаление студента</para>
<para><parameterlist kind="param"><parameteritem>
<parameternamelist>
<parametername>id</parametername>
</parameternamelist>
<parameterdescription>
<para>Идентификатор студента </para>
</parameterdescription>
</parameteritem>
</parameterlist>
<simplesect kind="return"><para>bool Результат операции </para>
</simplesect>
</para>
        </detaileddescription>
        <inbodydescription>
        </inbodydescription>
        <location file="src/viewmodels/UniversityViewModel.h" line="130" column="22" bodyfile="src/viewmodels/UniversityViewModel.cpp" bodystart="243" bodyend="253"/>
      </memberdef>
      <memberdef kind="function" id="class_university_view_model_1ac73a47dbc722fa61cfa22315c172e6b6" prot="public" static="no" const="no" explicit="no" inline="no" virt="non-virtual">
        <type>Q_INVOKABLE bool</type>
        <definition>bool UniversityViewModel::deleteSubject</definition>
        <argsstring>(int id)</argsstring>
        <name>deleteSubject</name>
        <qualifiedname>UniversityViewModel::deleteSubject</qualifiedname>
        <param>
          <type>int</type>
          <declname>id</declname>
        </param>
        <briefdescription>
<para>Удалить предмет по ID (инвокабельный метод для QML). </para>
        </briefdescription>
        <detaileddescription>
<para>Удаление предмета</para>
<para><parameterlist kind="param"><parameteritem>
<parameternamelist>
<parametername>id</parametername>
</parameternamelist>
<parameterdescription>
<para>Идентификатор предмета </para>
</parameterdescription>
</parameteritem>
</parameterlist>
<simplesect kind="return"><para>bool Результат операции </para>
</simplesect>
</para>
        </detaileddescription>
        <inbodydescription>
        </inbodydescription>
        <location file="src/viewmodels/UniversityViewModel.h" line="137" column="22" bodyfile="src/viewmodels/UniversityViewModel.cpp" bodystart="260" bodyend="270"/>
      </memberdef>
      <memberdef kind="function" id="class_university_view_model_1a7d92f81f646515989c75b53af7559986" prot="public" static="no" const="no" explicit="no" inline="no" virt="non-virtual">
        <type>Q_INVOKABLE void</type>
        <definition>void UniversityViewModel::refresh</definition>
        <argsstring>()</argsstring>
        <name>refresh</name>
        <qualifiedname>UniversityViewModel::refresh</qualifiedname>
        <briefdescription>
<para>Обновить данные (инвокабельный метод для QML). </para>
        </briefdescription>
        <detaileddescription>
<para>Обновление всех данных</para>
<para>Загружает актуальные данные из всех таблиц БД и обновляет соответствующие списки </para>
        </detaileddescription>
        <inbodydescription>
        </inbodydescription>
        <location file="src/viewmodels/UniversityViewModel.h" line="142" column="22" bodyfile="src/viewmodels/UniversityViewModel.cpp" bodystart="278" bodyend="290"/>
      </memberdef>
      <memberdef kind="function" id="class_university_view_model_1aff399499f7893b9e5e52bdafa989f8e4" prot="public" static="no" const="no" explicit="no" inline="no" virt="non-virtual">
        <type>Q_INVOKABLE bool</type>
        <definition>bool UniversityViewModel::connectToDatabase</definition>
        <argsstring>()</argsstring>
        <name>connectToDatabase</name>
        <qualifiedname>UniversityViewModel::connectToDatabase</qualifiedname>
        <briefdescription>
<para>Подключиться к базе данных (инвокабельный метод для QML). </para>
        </briefdescription>
        <detaileddescription>
<para>Подключение к базе данных</para>
<para><simplesect kind="return"><para>bool Результат подключения </para>
</simplesect>
</para>
        </detaileddescription>
        <inbodydescription>
        </inbodydescription>
        <location file="src/viewmodels/UniversityViewModel.h" line="148" column="22" bodyfile="src/viewmodels/UniversityViewModel.cpp" bodystart="50" bodyend="53"/>
      </memberdef>
    </sectiondef>
    <sectiondef kind="signal">
      <memberdef kind="signal" id="class_university_view_model_1a4f3547b679e2498565a1efaed619f0b1" prot="public" static="no" const="no" explicit="no" inline="no" virt="non-virtual">
        <type>void</type>
        <definition>void UniversityViewModel::dataChanged</definition>
        <argsstring>()</argsstring>
        <name>dataChanged</name>
        <qualifiedname>UniversityViewModel::dataChanged</qualifiedname>
        <briefdescription>
<para>Сигнал об изменении данных </para>
        </briefdescription>
        <detaileddescription>
<para>Генерируется при любом изменении данных в БД </para>
        </detaileddescription>
        <inbodydescription>
        </inbodydescription>
        <location file="src/viewmodels/UniversityViewModel.h" line="155" column="10"/>
      </memberdef>
      <memberdef kind="signal" id="class_university_view_model_1a2328cec94e18e9b1df54cb7bf42f228b" prot="public" static="no" const="no" explicit="no" inline="no" virt="non-virtual">
        <type>void</type>
        <definition>void UniversityViewModel::connectionChanged</definition>
        <argsstring>()</argsstring>
        <name>connectionChanged</name>
        <qualifiedname>UniversityViewModel::connectionChanged</qualifiedname>
        <briefdescription>
<para>Сигнал об изменении состояния подключения </para>
        </briefdescription>
        <detaileddescription>
        </detaileddescription>
        <inbodydescription>
        </inbodydescription>
        <location file="src/viewmodels/UniversityViewModel.h" line="160" column="10"/>
      </memberdef>
      <memberdef kind="signal" id="class_university_view_model_1a2562a1c19cc5eeefd36ede3b52187a39" prot="public" static="no" const="no" explicit="no" inline="no" virt="non-virtual">
        <type>void</type>
        <definition>void UniversityViewModel::errorOccurred</definition>
        <argsstring>(const QString &amp;message)</argsstring>
        <name>errorOccurred</name>
        <qualifiedname>UniversityViewModel::errorOccurred</qualifiedname>
        <param>
          <type>const QString &amp;</type>
          <declname>message</declname>
        </param>
        <briefdescription>
<para>Сигнал об ошибке </para>
        </briefdescription>
        <detaileddescription>
<para><parameterlist kind="param"><parameteritem>
<parameternamelist>
<parametername>message</parametername>
</parameternamelist>
<parameterdescription>
<para>Текст ошибки </para>
</parameterdescription>
</parameteritem>
</parameterlist>
</para>
        </detaileddescription>
        <inbodydescription>
        </inbodydescription>
        <location file="src/viewmodels/UniversityViewModel.h" line="166" column="10"/>
      </memberdef>
    </sectiondef>
    <sectiondef kind="private-func">
      <memberdef kind="function" id="class_university_view_model_1a97872ca05aebdabddba3c659272bd2d9" prot="private" static="no" const="no" explicit="no" inline="no" virt="non-virtual">
        <type>void</type>
        <definition>void UniversityViewModel::updateTeachers</definition>
        <argsstring>()</argsstring>
        <name>updateTeachers</name>
        <qualifiedname>UniversityViewModel::updateTeachers</qualifiedname>
        <briefdescription>
<para>Обновить список преподавателей </para>
        </briefdescription>
        <detaileddescription>
<para>Обновление списка преподавателей</para>
<para>Загружает данные из БД и преобразует в строковый формат </para>
        </detaileddescription>
        <inbodydescription>
        </inbodydescription>
        <location file="src/viewmodels/UniversityViewModel.h" line="172" column="10" bodyfile="src/viewmodels/UniversityViewModel.cpp" bodystart="105" bodyend="114"/>
      </memberdef>
      <memberdef kind="function" id="class_university_view_model_1a4b20de7be41976248f7d954a5a33104e" prot="private" static="no" const="no" explicit="no" inline="no" virt="non-virtual">
        <type>void</type>
        <definition>void UniversityViewModel::updateStudents</definition>
        <argsstring>()</argsstring>
        <name>updateStudents</name>
        <qualifiedname>UniversityViewModel::updateStudents</qualifiedname>
        <briefdescription>
<para>Обновить список студентов </para>
        </briefdescription>
        <detaileddescription>
<para>Обновление списка студентов</para>
<para>Загружает данные из БД и преобразует в строковый формат </para>
        </detaileddescription>
        <inbodydescription>
        </inbodydescription>
        <location file="src/viewmodels/UniversityViewModel.h" line="177" column="10" bodyfile="src/viewmodels/UniversityViewModel.cpp" bodystart="121" bodyend="130"/>
      </memberdef>
      <memberdef kind="function" id="class_university_view_model_1af07611e8e10c0ae03136744b512a5f4c" prot="private" static="no" const="no" explicit="no" inline="no" virt="non-virtual">
        <type>void</type>
        <definition>void UniversityViewModel::updateSubjects</definition>
        <argsstring>()</argsstring>
        <name>updateSubjects</name>
        <qualifiedname>UniversityViewModel::updateSubjects</qualifiedname>
        <briefdescription>
<para>Обновить список предметов </para>
        </briefdescription>
        <detaileddescription>
<para>Обновление списка предметов</para>
<para>Загружает данные из БД и преобразует в строковый формат </para>
        </detaileddescription>
        <inbodydescription>
        </inbodydescription>
        <location file="src/viewmodels/UniversityViewModel.h" line="182" column="10" bodyfile="src/viewmodels/UniversityViewModel.cpp" bodystart="137" bodyend="146"/>
      </memberdef>
    </sectiondef>
    <briefdescription>
<para>ViewModel для взаимодействия между моделями и QML интерфейсом </para>
    </briefdescription>
    <detaileddescription>
<para>Класс выполняет функции:<itemizedlist>
<listitem><para>Предоставляет данные для отображения в QML</para>
</listitem><listitem><para>Обрабатывает пользовательские действия из QML</para>
</listitem><listitem><para>Управляет обновлением данных</para>
</listitem><listitem><para>Отслеживает состояние подключения к БД </para>
</listitem></itemizedlist>
</para>
    </detaileddescription>
    <inheritancegraph>
      <node id="2">
        <label>QObject</label>
      </node>
      <node id="1">
        <label>UniversityViewModel</label>
        <link refid="class_university_view_model"/>
        <childnode refid="2" relation="public-inheritance">
        </childnode>
      </node>
    </inheritancegraph>
    <collaborationgraph>
      <node id="2">
        <label>QObject</label>
      </node>
      <node id="1">
        <label>UniversityViewModel</label>
        <link refid="class_university_view_model"/>
        <childnode refid="2" relation="public-inheritance">
        </childnode>
      </node>
    </collaborationgraph>
    <location file="src/viewmodels/UniversityViewModel.h" line="42" column="1" bodyfile="src/viewmodels/UniversityViewModel.h" bodystart="43" bodyend="189"/>
    <listofallmembers>
      <member refid="class_university_view_model_1ab05eeea75aa22665aaeb6b1997a8c687" prot="public" virt="non-virtual"><scope>UniversityViewModel</scope><name>addStudent</name></member>
      <member refid="class_university_view_model_1a6a693cc485e3d80a5c819f7bac5827b1" prot="public" virt="non-virtual"><scope>UniversityViewModel</scope><name>addSubject</name></member>
      <member refid="class_university_view_model_1a89c1c8896edbab53a69dc9681c2ae14b" prot="public" virt="non-virtual"><scope>UniversityViewModel</scope><name>addTeacher</name></member>
      <member refid="class_university_view_model_1a2328cec94e18e9b1df54cb7bf42f228b" prot="public" virt="non-virtual"><scope>UniversityViewModel</scope><name>connectionChanged</name></member>
      <member refid="class_university_view_model_1aff399499f7893b9e5e52bdafa989f8e4" prot="public" virt="non-virtual"><scope>UniversityViewModel</scope><name>connectToDatabase</name></member>
      <member refid="class_university_view_model_1a4f3547b679e2498565a1efaed619f0b1" prot="public" virt="non-virtual"><scope>UniversityViewModel</scope><name>dataChanged</name></member>
      <member refid="class_university_view_model_1af29fe1a670045f9044889fe7dfd26fd7" prot="public" virt="non-virtual"><scope>UniversityViewModel</scope><name>deleteStudent</name></member>
      <member refid="class_university_view_model_1ac73a47dbc722fa61cfa22315c172e6b6" prot="public" virt="non-virtual"><scope>UniversityViewModel</scope><name>deleteSubject</name></member>
      <member refid="class_university_view_model_1ae5bd736d878445f3368e53e0e5d36d93" prot="public" virt="non-virtual"><scope>UniversityViewModel</scope><name>deleteTeacher</name></member>
      <member refid="class_university_view_model_1a2562a1c19cc5eeefd36ede3b52187a39" prot="public" virt="non-virtual"><scope>UniversityViewModel</scope><name>errorOccurred</name></member>
      <member refid="class_university_view_model_1a1198c2612b4c33f02d17ad5b62a161be" prot="public" virt="non-virtual"><scope>UniversityViewModel</scope><name>isConnected</name></member>
      <member refid="class_university_view_model_1a8742085f0a81f8b73e2e36fc0a66dc83" prot="public" virt="non-virtual"><scope>UniversityViewModel</scope><name>isConnected</name></member>
      <member refid="class_university_view_model_1ac75cd4ef4e5b2af21318c6215a606dc5" prot="private" virt="non-virtual"><scope>UniversityViewModel</scope><name>m_dbManager</name></member>
      <member refid="class_university_view_model_1a323c8bc2b453665c1c076f916926da6c" prot="private" virt="non-virtual"><scope>UniversityViewModel</scope><name>m_students</name></member>
      <member refid="class_university_view_model_1a3cafd2ee7e6afb9790d935e9114732d6" prot="private" virt="non-virtual"><scope>UniversityViewModel</scope><name>m_subjects</name></member>
      <member refid="class_university_view_model_1a27aeb88543535057640d3939159c0712" prot="private" virt="non-virtual"><scope>UniversityViewModel</scope><name>m_teachers</name></member>
      <member refid="class_university_view_model_1a7d92f81f646515989c75b53af7559986" prot="public" virt="non-virtual"><scope>UniversityViewModel</scope><name>refresh</name></member>
      <member refid="class_university_view_model_1af0fcb1bc0b9d63016d67968660f8b6fe" prot="public" virt="non-virtual"><scope>UniversityViewModel</scope><name>students</name></member>
      <member refid="class_university_view_model_1a67ceef4edf89f770638a9430c9339b09" prot="public" virt="non-virtual"><scope>UniversityViewModel</scope><name>students</name></member>
      <member refid="class_university_view_model_1a23268e3bd77bf02f47b107a560b8eb1f" prot="public" virt="non-virtual"><scope>UniversityViewModel</scope><name>subjects</name></member>
      <member refid="class_university_view_model_1a6c62af39a419b7ead5222d2ee89f1ea1" prot="public" virt="non-virtual"><scope>UniversityViewModel</scope><name>subjects</name></member>
      <member refid="class_university_view_model_1aee257b94583aa33bca5b9466f1fc0f13" prot="public" virt="non-virtual"><scope>UniversityViewModel</scope><name>teachers</name></member>
      <member refid="class_university_view_model_1a1a4ceecfe41cd1a3494b16eb02cf87a1" prot="public" virt="non-virtual"><scope>UniversityViewModel</scope><name>teachers</name></member>
      <member refid="class_university_view_model_1ae2f05cabc7d523e1d8babb0256b020cc" prot="public" virt="non-virtual"><scope>UniversityViewModel</scope><name>totalRecords</name></member>
      <member refid="class_university_view_model_1afcbb701373ac2005297956be48b553b1" prot="public" virt="non-virtual"><scope>UniversityViewModel</scope><name>totalRecords</name></member>
      <member refid="class_university_view_model_1a2b7a43f6407fe80c61a32172aaf95efe" prot="public" virt="non-virtual"><scope>UniversityViewModel</scope><name>UniversityViewModel</name></member>
      <member refid="class_university_view_model_1a4b20de7be41976248f7d954a5a33104e" prot="private" virt="non-virtual"><scope>UniversityViewModel</scope><name>updateStudents</name></member>
      <member refid="class_university_view_model_1af07611e8e10c0ae03136744b512a5f4c" prot="private" virt="non-virtual"><scope>UniversityViewModel</scope><name>updateSubjects</name></member>
      <member refid="class_university_view_model_1a97872ca05aebdabddba3c659272bd2d9" prot="private" virt="non-virtual"><scope>UniversityViewModel</scope><name>updateTeachers</name></member>
      <member refid="class_university_view_model_1a44faa8c8a4e9f016d0deb417ea14791b" prot="public" virt="non-virtual"><scope>UniversityViewModel</scope><name>~UniversityViewModel</name></member>
    </listofallmembers>
  </compounddef>
</doxygen>
