<?xml version='1.0' encoding='UTF-8' standalone='no'?>
<doxygen xmlns:xsi="http://www.w3.org/2001/XMLSchema-instance" xsi:noNamespaceSchemaLocation="compound.xsd" version="1.16.1" xml:lang="en-US">
  <compounddef id="class_teacher" kind="class" language="C++" prot="public">
    <compoundname>Teacher</compoundname>
    <basecompoundref prot="public" virt="non-virtual">QObject</basecompoundref>
    <includes refid="_teacher_8h" local="no">Teacher.h</includes>
    <sectiondef kind="property">
      <memberdef kind="property" id="class_teacher_1a11a47f241400b71e753b8149fc88d8dc" prot="public" static="no" readable="yes" writable="yes" gettable="no" privategettable="no" protectedgettable="no" settable="no" privatesettable="no" protectedsettable="no">
        <type>int</type>
        <definition>int Teacher::id</definition>
        <argsstring></argsstring>
        <name>id</name>
        <qualifiedname>Teacher::id</qualifiedname>
        <read>id</read>
        <write>setId</write>
        <briefdescription>
<para>Идентификатор преподавателя </para>
        </briefdescription>
        <detaileddescription>
        </detaileddescription>
        <inbodydescription>
        </inbodydescription>
        <location file="src/models/Teacher.h" line="33" column="5" bodyfile="src/models/Teacher.h" bodystart="33" bodyend="-1"/>
      </memberdef>
      <memberdef kind="property" id="class_teacher_1abb17edb440cd863575b2f1507930cd41" prot="public" static="no" readable="yes" writable="yes" gettable="no" privategettable="no" protectedgettable="no" settable="no" privatesettable="no" protectedsettable="no">
        <type>QString</type>
        <definition>QString Teacher::fullName</definition>
        <argsstring></argsstring>
        <name>fullName</name>
        <qualifiedname>Teacher::fullName</qualifiedname>
        <read>fullName</read>
        <write>setFullName</write>
        <briefdescription>
<para>Полное имя преподавателя </para>
        </briefdescription>
        <detaileddescription>
        </detaileddescription>
        <inbodydescription>
        </inbodydescription>
        <location file="src/models/Teacher.h" line="34" column="5" bodyfile="src/models/Teacher.h" bodystart="34" bodyend="-1"/>
      </memberdef>
      <memberdef kind="property" id="class_teacher_1a36065081c65905de6a0f0a4a6a4a2665" prot="public" static="no" readable="yes" writable="yes" gettable="no" privategettable="no" protectedgettable="no" settable="no" privatesettable="no" protectedsettable="no">
        <type>QString</type>
        <definition>QString Teacher::department</definition>
        <argsstring></argsstring>
        <name>department</name>
        <qualifiedname>Teacher::department</qualifiedname>
        <read>department</read>
        <write>setDepartment</write>
        <briefdescription>
<para>Кафедра преподавателя </para>
        </briefdescription>
        <detaileddescription>
        </detaileddescription>
        <inbodydescription>
        </inbodydescription>
        <location file="src/models/Teacher.h" line="35" column="5" bodyfile="src/models/Teacher.h" bodystart="35" bodyend="-1"/>
      </memberdef>
    </sectiondef>
    <sectiondef kind="private-attrib">
      <memberdef kind="variable" id="class_teacher_1a253864c42cb7de7d8a275f27d7ca6f14" prot="private" static="no" mutable="no">
        <type>int</type>
        <definition>int Teacher::m_id</definition>
        <argsstring></argsstring>
        <name>m_id</name>
        <qualifiedname>Teacher::m_id</qualifiedname>
        <briefdescription>
<para>Идентификатор преподавателя </para>
        </briefdescription>
        <detaileddescription>
        </detaileddescription>
        <inbodydescription>
        </inbodydescription>
        <location file="src/models/Teacher.h" line="112" column="9" bodyfile="src/models/Teacher.h" bodystart="112" bodyend="-1"/>
      </memberdef>
      <memberdef kind="variable" id="class_teacher_1a8565e47f7c297093f3fd4fe59d8cf9c1" prot="private" static="no" mutable="no">
        <type>QString</type>
        <definition>QString Teacher::m_fullName</definition>
        <argsstring></argsstring>
        <name>m_fullName</name>
        <qualifiedname>Teacher::m_fullName</qualifiedname>
        <briefdescription>
<para>Полное имя преподавателя </para>
        </briefdescription>
        <detaileddescription>
        </detaileddescription>
        <inbodydescription>
        </inbodydescription>
        <location file="src/models/Teacher.h" line="113" column="13" bodyfile="src/models/Teacher.h" bodystart="113" bodyend="-1"/>
      </memberdef>
      <memberdef kind="variable" id="class_teacher_1a1caba094b54e3a0fba0c5a914108b976" prot="private" static="no" mutable="no">
        <type>QString</type>
        <definition>QString Teacher::m_department</definition>
        <argsstring></argsstring>
        <name>m_department</name>
        <qualifiedname>Teacher::m_department</qualifiedname>
        <briefdescription>
<para>Кафедра преподавателя </para>
        </briefdescription>
        <detaileddescription>
        </detaileddescription>
        <inbodydescription>
        </inbodydescription>
        <location file="src/models/Teacher.h" line="114" column="13" bodyfile="src/models/Teacher.h" bodystart="114" bodyend="-1"/>
      </memberdef>
    </sectiondef>
    <sectiondef kind="public-func">
      <memberdef kind="function" id="class_teacher_1abf6951eae54db538295fc8ca31eb0e3f" prot="public" static="no" const="no" explicit="yes" inline="no" virt="non-virtual">
        <type></type>
        <definition>Teacher::Teacher</definition>
        <argsstring>(QObject *parent=nullptr)</argsstring>
        <name>Teacher</name>
        <qualifiedname>Teacher::Teacher</qualifiedname>
        <param>
          <type>QObject *</type>
          <declname>parent</declname>
          <defval>nullptr</defval>
        </param>
        <briefdescription>
<para>Конструктор по умолчанию </para>
        </briefdescription>
        <detaileddescription>
<para><parameterlist kind="param"><parameteritem>
<parameternamelist>
<parametername>parent</parametername>
</parameternamelist>
<parameterdescription>
<para>Родительский QObject </para>
</parameterdescription>
</parameteritem>
</parameterlist>
</para>
        </detaileddescription>
        <inbodydescription>
        </inbodydescription>
        <location file="src/models/Teacher.h" line="42" column="14" bodyfile="src/models/Teacher.cpp" bodystart="13" bodyend="16"/>
      </memberdef>
      <memberdef kind="function" id="class_teacher_1ad7cb6cd52f75550a810552977e9162c0" prot="public" static="no" const="no" explicit="no" inline="no" virt="non-virtual">
        <type></type>
        <definition>Teacher::Teacher</definition>
        <argsstring>(int id, const QString &amp;fullName, const QString &amp;department, QObject *parent=nullptr)</argsstring>
        <name>Teacher</name>
        <qualifiedname>Teacher::Teacher</qualifiedname>
        <param>
          <type>int</type>
          <declname>id</declname>
        </param>
        <param>
          <type>const QString &amp;</type>
          <declname>fullName</declname>
        </param>
        <param>
          <type>const QString &amp;</type>
          <declname>department</declname>
        </param>
        <param>
          <type>QObject *</type>
          <declname>parent</declname>
          <defval>nullptr</defval>
        </param>
        <briefdescription>
<para>Параметризованный конструктор </para>
        </briefdescription>
        <detaileddescription>
<para><parameterlist kind="param"><parameteritem>
<parameternamelist>
<parametername><ref refid="class_teacher_1a11a47f241400b71e753b8149fc88d8dc" kindref="member">id</ref></parametername>
</parameternamelist>
<parameterdescription>
<para>Идентификатор преподавателя </para>
</parameterdescription>
</parameteritem>
<parameteritem>
<parameternamelist>
<parametername><ref refid="class_teacher_1abb17edb440cd863575b2f1507930cd41" kindref="member">fullName</ref></parametername>
</parameternamelist>
<parameterdescription>
<para>Полное имя преподавателя </para>
</parameterdescription>
</parameteritem>
<parameteritem>
<parameternamelist>
<parametername><ref refid="class_teacher_1a36065081c65905de6a0f0a4a6a4a2665" kindref="member">department</ref></parametername>
</parameternamelist>
<parameterdescription>
<para>Кафедра преподавателя </para>
</parameterdescription>
</parameteritem>
<parameteritem>
<parameternamelist>
<parametername>parent</parametername>
</parameternamelist>
<parameterdescription>
<para>Родительский QObject </para>
</parameterdescription>
</parameteritem>
</parameterlist>
</para>
        </detaileddescription>
        <inbodydescription>
        </inbodydescription>
        <location file="src/models/Teacher.h" line="51" column="5" bodyfile="src/models/Teacher.cpp" bodystart="25" bodyend="28"/>
      </memberdef>
      <memberdef kind="function" id="class_teacher_1ac827ca5b436a1b124314c4c7c77221ff" prot="public" static="no" const="yes" explicit="no" inline="no" virt="non-virtual">
        <type>int</type>
        <definition>int Teacher::id</definition>
        <argsstring>() const</argsstring>
        <name>id</name>
        <qualifiedname>Teacher::id</qualifiedname>
        <briefdescription>
<para>Получить идентификатор преподавателя </para>
        </briefdescription>
        <detaileddescription>
<para><simplesect kind="return"><para>int Идентификатор </para>
</simplesect>
</para>
        </detaileddescription>
        <inbodydescription>
        </inbodydescription>
        <location file="src/models/Teacher.h" line="57" column="9" bodyfile="src/models/Teacher.cpp" bodystart="34" bodyend="37"/>
      </memberdef>
      <memberdef kind="function" id="class_teacher_1a656b4b4da06c184d438220b1bf6ec5da" prot="public" static="no" const="no" explicit="no" inline="no" virt="non-virtual">
        <type>void</type>
        <definition>void Teacher::setId</definition>
        <argsstring>(int id)</argsstring>
        <name>setId</name>
        <qualifiedname>Teacher::setId</qualifiedname>
        <param>
          <type>int</type>
          <declname>id</declname>
        </param>
        <briefdescription>
<para>Установить идентификатор преподавателя </para>
        </briefdescription>
        <detaileddescription>
<para><parameterlist kind="param"><parameteritem>
<parameternamelist>
<parametername><ref refid="class_teacher_1a11a47f241400b71e753b8149fc88d8dc" kindref="member">id</ref></parametername>
</parameternamelist>
<parameterdescription>
<para>Новый идентификатор </para>
</parameterdescription>
</parameteritem>
</parameterlist>
</para>
        </detaileddescription>
        <inbodydescription>
        </inbodydescription>
        <location file="src/models/Teacher.h" line="63" column="10" bodyfile="src/models/Teacher.cpp" bodystart="43" bodyend="49"/>
      </memberdef>
      <memberdef kind="function" id="class_teacher_1a735b44d3c801f55ffb8cecc64b5d0b59" prot="public" static="no" const="yes" explicit="no" inline="no" virt="non-virtual">
        <type>QString</type>
        <definition>QString Teacher::fullName</definition>
        <argsstring>() const</argsstring>
        <name>fullName</name>
        <qualifiedname>Teacher::fullName</qualifiedname>
        <briefdescription>
<para>Получить полное имя преподавателя </para>
        </briefdescription>
        <detaileddescription>
<para><simplesect kind="return"><para>QString Полное имя </para>
</simplesect>
</para>
        </detaileddescription>
        <inbodydescription>
        </inbodydescription>
        <location file="src/models/Teacher.h" line="69" column="13" bodyfile="src/models/Teacher.cpp" bodystart="55" bodyend="58"/>
      </memberdef>
      <memberdef kind="function" id="class_teacher_1a05c6f765e56bd761ee2faeae7c39af8f" prot="public" static="no" const="no" explicit="no" inline="no" virt="non-virtual">
        <type>void</type>
        <definition>void Teacher::setFullName</definition>
        <argsstring>(const QString &amp;fullName)</argsstring>
        <name>setFullName</name>
        <qualifiedname>Teacher::setFullName</qualifiedname>
        <param>
          <type>const QString &amp;</type>
          <declname>fullName</declname>
        </param>
        <briefdescription>
<para>Установить полное имя преподавателя </para>
        </briefdescription>
        <detaileddescription>
<para><parameterlist kind="param"><parameteritem>
<parameternamelist>
<parametername><ref refid="class_teacher_1abb17edb440cd863575b2f1507930cd41" kindref="member">fullName</ref></parametername>
</parameternamelist>
<parameterdescription>
<para>Новое полное имя </para>
</parameterdescription>
</parameteritem>
</parameterlist>
</para>
        </detaileddescription>
        <inbodydescription>
        </inbodydescription>
        <location file="src/models/Teacher.h" line="75" column="10" bodyfile="src/models/Teacher.cpp" bodystart="64" bodyend="70"/>
      </memberdef>
      <memberdef kind="function" id="class_teacher_1a0fe7ee1084c250c8757a7bdab3fa1f55" prot="public" static="no" const="yes" explicit="no" inline="no" virt="non-virtual">
        <type>QString</type>
        <definition>QString Teacher::department</definition>
        <argsstring>() const</argsstring>
        <name>department</name>
        <qualifiedname>Teacher::department</qualifiedname>
        <briefdescription>
<para>Получить кафедру преподавателя </para>
        </briefdescription>
        <detaileddescription>
<para><simplesect kind="return"><para>QString Кафедра </para>
</simplesect>
</para>
        </detaileddescription>
        <inbodydescription>
        </inbodydescription>
        <location file="src/models/Teacher.h" line="81" column="13" bodyfile="src/models/Teacher.cpp" bodystart="76" bodyend="79"/>
      </memberdef>
      <memberdef kind="function" id="class_teacher_1ab71128289f503af699cc0a8a1fa7c76b" prot="public" static="no" const="no" explicit="no" inline="no" virt="non-virtual">
        <type>void</type>
        <definition>void Teacher::setDepartment</definition>
        <argsstring>(const QString &amp;department)</argsstring>
        <name>setDepartment</name>
        <qualifiedname>Teacher::setDepartment</qualifiedname>
        <param>
          <type>const QString &amp;</type>
          <declname>department</declname>
        </param>
        <briefdescription>
<para>Установить кафедру преподавателя </para>
        </briefdescription>
        <detaileddescription>
<para><parameterlist kind="param"><parameteritem>
<parameternamelist>
<parametername><ref refid="class_teacher_1a36065081c65905de6a0f0a4a6a4a2665" kindref="member">department</ref></parametername>
</parameternamelist>
<parameterdescription>
<para>Новая кафедра </para>
</parameterdescription>
</parameteritem>
</parameterlist>
</para>
        </detaileddescription>
        <inbodydescription>
        </inbodydescription>
        <location file="src/models/Teacher.h" line="87" column="10" bodyfile="src/models/Teacher.cpp" bodystart="85" bodyend="91"/>
      </memberdef>
      <memberdef kind="function" id="class_teacher_1ab37d0e399bc5077beb3c8db2cc8e66e7" prot="public" static="no" const="yes" explicit="no" inline="no" virt="non-virtual">
        <type>QString</type>
        <definition>QString Teacher::toString</definition>
        <argsstring>() const</argsstring>
        <name>toString</name>
        <qualifiedname>Teacher::toString</qualifiedname>
        <briefdescription>
<para>Преобразовать объект в строковое представление </para>
        </briefdescription>
        <detaileddescription>
<para><simplesect kind="return"><para>QString Строка в формате &quot;ID. Имя (Кафедра)&quot;</para>
</simplesect>
<simplesect kind="return"><para>QString Строка формата &quot;ID. Имя (Кафедра)&quot; </para>
</simplesect>
</para>
        </detaileddescription>
        <inbodydescription>
        </inbodydescription>
        <location file="src/models/Teacher.h" line="93" column="13" bodyfile="src/models/Teacher.cpp" bodystart="97" bodyend="100"/>
      </memberdef>
    </sectiondef>
    <sectiondef kind="signal">
      <memberdef kind="signal" id="class_teacher_1a0c4bb8d2fc0760611849f3be92107cde" prot="public" static="no" const="no" explicit="no" inline="no" virt="non-virtual">
        <type>void</type>
        <definition>void Teacher::idChanged</definition>
        <argsstring>()</argsstring>
        <name>idChanged</name>
        <qualifiedname>Teacher::idChanged</qualifiedname>
        <briefdescription>
<para>Сигнал об изменении идентификатора </para>
        </briefdescription>
        <detaileddescription>
        </detaileddescription>
        <inbodydescription>
        </inbodydescription>
        <location file="src/models/Teacher.h" line="99" column="10"/>
      </memberdef>
      <memberdef kind="signal" id="class_teacher_1a1bad6ac54875fb4e70c7db907e83eb03" prot="public" static="no" const="no" explicit="no" inline="no" virt="non-virtual">
        <type>void</type>
        <definition>void Teacher::fullNameChanged</definition>
        <argsstring>()</argsstring>
        <name>fullNameChanged</name>
        <qualifiedname>Teacher::fullNameChanged</qualifiedname>
        <briefdescription>
<para>Сигнал об изменении имени </para>
        </briefdescription>
        <detaileddescription>
        </detaileddescription>
        <inbodydescription>
        </inbodydescription>
        <location file="src/models/Teacher.h" line="104" column="10"/>
      </memberdef>
      <memberdef kind="signal" id="class_teacher_1ae426f9e6a21e8532527523255269cce3" prot="public" static="no" const="no" explicit="no" inline="no" virt="non-virtual">
        <type>void</type>
        <definition>void Teacher::departmentChanged</definition>
        <argsstring>()</argsstring>
        <name>departmentChanged</name>
        <qualifiedname>Teacher::departmentChanged</qualifiedname>
        <briefdescription>
<para>Сигнал об изменении кафедры </para>
        </briefdescription>
        <detaileddescription>
        </detaileddescription>
        <inbodydescription>
        </inbodydescription>
        <location file="src/models/Teacher.h" line="109" column="10"/>
      </memberdef>
    </sectiondef>
    <briefdescription>
<para>Класс, представляющий преподавателя в системе </para>
    </briefdescription>
    <detaileddescription>
<para>Содержит информацию о преподавателе:<itemizedlist>
<listitem><para>Идентификатор</para>
</listitem><listitem><para>Полное имя</para>
</listitem><listitem><para>Кафедру </para>
</listitem></itemizedlist>
</para>
    </detaileddescription>
    <inheritancegraph>
      <node id="2">
        <label>QObject</label>
      </node>
      <node id="1">
        <label>Teacher</label>
        <link refid="class_teacher"/>
        <childnode refid="2" relation="public-inheritance">
        </childnode>
      </node>
    </inheritancegraph>
    <collaborationgraph>
      <node id="2">
        <label>QObject</label>
      </node>
      <node id="1">
        <label>Teacher</label>
        <link refid="class_teacher"/>
        <childnode refid="2" relation="public-inheritance">
        </childnode>
      </node>
    </collaborationgraph>
    <location file="src/models/Teacher.h" line="30" column="1" bodyfile="src/models/Teacher.h" bodystart="31" bodyend="115"/>
    <listofallmembers>
      <member refid="class_teacher_1a36065081c65905de6a0f0a4a6a4a2665" prot="public" virt="non-virtual"><scope>Teacher</scope><name>department</name></member>
      <member refid="class_teacher_1a0fe7ee1084c250c8757a7bdab3fa1f55" prot="public" virt="non-virtual"><scope>Teacher</scope><name>department</name></member>
      <member refid="class_teacher_1ae426f9e6a21e8532527523255269cce3" prot="public" virt="non-virtual"><scope>Teacher</scope><name>departmentChanged</name></member>
      <member refid="class_teacher_1abb17edb440cd863575b2f1507930cd41" prot="public" virt="non-virtual"><scope>Teacher</scope><name>fullName</name></member>
      <member refid="class_teacher_1a735b44d3c801f55ffb8cecc64b5d0b59" prot="public" virt="non-virtual"><scope>Teacher</scope><name>fullName</name></member>
      <member refid="class_teacher_1a1bad6ac54875fb4e70c7db907e83eb03" prot="public" virt="non-virtual"><scope>Teacher</scope><name>fullNameChanged</name></member>
      <member refid="class_teacher_1a11a47f241400b71e753b8149fc88d8dc" prot="public" virt="non-virtual"><scope>Teacher</scope><name>id</name></member>
      <member refid="class_teacher_1ac827ca5b436a1b124314c4c7c77221ff" prot="public" virt="non-virtual"><scope>Teacher</scope><name>id</name></member>
      <member refid="class_teacher_1a0c4bb8d2fc0760611849f3be92107cde" prot="public" virt="non-virtual"><scope>Teacher</scope><name>idChanged</name></member>
      <member refid="class_teacher_1a1caba094b54e3a0fba0c5a914108b976" prot="private" virt="non-virtual"><scope>Teacher</scope><name>m_department</name></member>
      <member refid="class_teacher_1a8565e47f7c297093f3fd4fe59d8cf9c1" prot="private" virt="non-virtual"><scope>Teacher</scope><name>m_fullName</name></member>
      <member refid="class_teacher_1a253864c42cb7de7d8a275f27d7ca6f14" prot="private" virt="non-virtual"><scope>Teacher</scope><name>m_id</name></member>
      <member refid="class_teacher_1ab71128289f503af699cc0a8a1fa7c76b" prot="public" virt="non-virtual"><scope>Teacher</scope><name>setDepartment</name></member>
      <member refid="class_teacher_1a05c6f765e56bd761ee2faeae7c39af8f" prot="public" virt="non-virtual"><scope>Teacher</scope><name>setFullName</name></member>
      <member refid="class_teacher_1a656b4b4da06c184d438220b1bf6ec5da" prot="public" virt="non-virtual"><scope>Teacher</scope><name>setId</name></member>
      <member refid="class_teacher_1abf6951eae54db538295fc8ca31eb0e3f" prot="public" virt="non-virtual"><scope>Teacher</scope><name>Teacher</name></member>
      <member refid="class_teacher_1ad7cb6cd52f75550a810552977e9162c0" prot="public" virt="non-virtual"><scope>Teacher</scope><name>Teacher</name></member>
      <member refid="class_teacher_1ab37d0e399bc5077beb3c8db2cc8e66e7" prot="public" virt="non-virtual"><scope>Teacher</scope><name>toString</name></member>
    </listofallmembers>
  </compounddef>
</doxygen>
