<?xml version='1.0' encoding='UTF-8' standalone='no'?>
<doxygen xmlns:xsi="http://www.w3.org/2001/XMLSchema-instance" xsi:noNamespaceSchemaLocation="compound.xsd" version="1.16.1" xml:lang="en-US">
  <compounddef id="dir_00596377d40923a735e6869bcc6fcb02" kind="dir">
    <compoundname>src/viewmodels</compoundname>
    <innerfile refid="_university_view_model_8cpp">UniversityViewModel.cpp</innerfile>
    <innerfile refid="_university_view_model_8h">UniversityViewModel.h</innerfile>
    <briefdescription>
    </briefdescription>
    <detaileddescription>
    </detaileddescription>
    <location file="src/viewmodels/"/>
  </compounddef>
</doxygen>
