<?xml version='1.0' encoding='UTF-8' standalone='no'?>
<doxygen xmlns:xsi="http://www.w3.org/2001/XMLSchema-instance" xsi:noNamespaceSchemaLocation="compound.xsd" version="1.16.1" xml:lang="en-US">
  <compounddef id="dir_bdeba5f06b852fec80257c0bf4c3c36e" kind="dir">
    <compoundname>src/models</compoundname>
    <innerfile refid="_database_manager_8cpp">DatabaseManager.cpp</innerfile>
    <innerfile refid="_database_manager_8h">DatabaseManager.h</innerfile>
    <innerfile refid="_student_8cpp">Student.cpp</innerfile>
    <innerfile refid="_student_8h">Student.h</innerfile>
    <innerfile refid="_subject_8cpp">Subject.cpp</innerfile>
    <innerfile refid="_subject_8h">Subject.h</innerfile>
    <innerfile refid="_teacher_8cpp">Teacher.cpp</innerfile>
    <innerfile refid="_teacher_8h">Teacher.h</innerfile>
    <briefdescription>
    </briefdescription>
    <detaileddescription>
    </detaileddescription>
    <location file="src/models/"/>
  </compounddef>
</doxygen>
