<?xml version='1.0' encoding='UTF-8' standalone='no'?>
<doxygen xmlns:xsi="http://www.w3.org/2001/XMLSchema-instance" xsi:noNamespaceSchemaLocation="compound.xsd" version="1.16.1" xml:lang="en-US">
  <compounddef id="indexpage" kind="page">
    <compoundname>index</compoundname>
    <title>University Database Management System</title>
    <briefdescription>
    </briefdescription>
    <detaileddescription>
<sect1 id="index_1intro_sec">
<title>Введение</title><para>Приложение для управления базой данных университета с использованием Qt, QML и PostgreSQL. Предоставляет интерфейс для работы с преподавателями, студентами и предметами.</para>
</sect1>
<sect1 id="index_1arch_sec">
<title>Архитектура</title><para>Приложение использует паттерн MVVM (Model-View-ViewModel):<itemizedlist>
<listitem><para>Модели: <ref refid="class_teacher" kindref="compound">Teacher</ref>, <ref refid="class_student" kindref="compound">Student</ref>, <ref refid="class_subject" kindref="compound">Subject</ref></para>
</listitem><listitem><para>ViewModel: <ref refid="class_university_view_model" kindref="compound">UniversityViewModel</ref></para>
</listitem><listitem><para>Представление: QML интерфейс</para>
</listitem></itemizedlist>
</para>
</sect1>
<sect1 id="index_1features_sec">
<title>Основные возможности</title><para><itemizedlist>
<listitem><para>Просмотр списков преподавателей, студентов и предметов</para>
</listitem><listitem><para>Добавление новых записей</para>
</listitem><listitem><para>Удаление существующих записей</para>
</listitem><listitem><para>Подключение к PostgreSQL базе данных</para>
</listitem><listitem><para>Автоматическое обновление интерфейса при изменении данных </para>
</listitem></itemizedlist>
</para>
</sect1>
    </detaileddescription>
    <location file="main.cpp"/>
  </compounddef>
</doxygen>
