<?xml version='1.0' encoding='UTF-8' standalone='no'?>
<doxygenindex xmlns:xsi="http://www.w3.org/2001/XMLSchema-instance" xsi:noNamespaceSchemaLocation="index.xsd" version="1.16.1" xml:lang="en-US">
  <compound refid="class_database_manager" kind="class"><name>DatabaseManager</name>
    <member refid="class_database_manager_1a41b1b7fcff4aaad61c0d2ab44ef037fa" kind="variable"><name>m_database</name></member>
    <member refid="class_database_manager_1aebfb8cc7427256623ccbe059b30b6450" kind="function"><name>DatabaseManager</name></member>
    <member refid="class_database_manager_1ae9b3a5da1e04fbb00faf8a034da1d063" kind="function"><name>~DatabaseManager</name></member>
    <member refid="class_database_manager_1a6eb61705ccd1925062cdd6835afff7f4" kind="function"><name>connectToDatabase</name></member>
    <member refid="class_database_manager_1aa4191649a436b20af9d2151e141ee148" kind="function"><name>isConnected</name></member>
    <member refid="class_database_manager_1ad983596fc20516e09f7d265b9cbf276e" kind="function"><name>getAllTeachers</name></member>
    <member refid="class_database_manager_1a6b2228573c7cca37f4d92f253a3c0e1e" kind="function"><name>addTeacher</name></member>
    <member refid="class_database_manager_1abe33147600a91ed346a8eddc071ed974" kind="function"><name>deleteTeacher</name></member>
    <member refid="class_database_manager_1a90aab752b4fa4526946827e6d48920db" kind="function"><name>getTeacherById</name></member>
    <member refid="class_database_manager_1a2c4992fff3cd0c47b06ccf5770a21c2d" kind="function"><name>getAllStudents</name></member>
    <member refid="class_database_manager_1a81b399a7da98cf9ea99b3d35ef524405" kind="function"><name>addStudent</name></member>
    <member refid="class_database_manager_1ad45b95581569764fefd3ecc4cd44b0f6" kind="function"><name>deleteStudent</name></member>
    <member refid="class_database_manager_1a5ef7b3f43dd00d37e26a95e53abad3b7" kind="function"><name>getStudentById</name></member>
    <member refid="class_database_manager_1a352a1254eaf18855012d3efc3de4b725" kind="function"><name>getAllSubjects</name></member>
    <member refid="class_database_manager_1af9aa5f94b44794305aabf87706856886" kind="function"><name>addSubject</name></member>
    <member refid="class_database_manager_1a7a9386b64550d768609faf7227878e2d" kind="function"><name>deleteSubject</name></member>
    <member refid="class_database_manager_1a41acbbccbbec7c615b8e3c7086d94f3a" kind="function"><name>getSubjectById</name></member>
    <member refid="class_database_manager_1abbb298eb17fa1eff28ec9f7d1fb3c84a" kind="function"><name>getTotalRecords</name></member>
    <member refid="class_database_manager_1a582b4461e77e9845e1ba5115b114d1d6" kind="signal"><name>databaseConnected</name></member>
    <member refid="class_database_manager_1a1db64961db807b5d816ffd358d93f0d2" kind="signal"><name>dataChanged</name></member>
    <member refid="class_database_manager_1aa21c9b72ba21899ace7cfef2838514a7" kind="function"><name>initializeDatabase</name></member>
  </compound>
  <compound refid="class_student" kind="class"><name>Student</name>
    <member refid="class_student_1a1351fb239711a78a8b115d75597b5df0" kind="property"><name>id</name></member>
    <member refid="class_student_1a0abbaea70beb713544dc92d02db1add7" kind="property"><name>fullName</name></member>
    <member refid="class_student_1a6ccb1dafc8372525128a418b99597aaa" kind="property"><name>grade</name></member>
    <member refid="class_student_1ab234880bfcde442f594614d9a571ec78" kind="variable"><name>m_id</name></member>
    <member refid="class_student_1a135c454ab41f484fd3e34b50ff62a510" kind="variable"><name>m_fullName</name></member>
    <member refid="class_student_1ae531ca7c45538762a212fcd23069f194" kind="variable"><name>m_grade</name></member>
    <member refid="class_student_1abc29f15dfff75347842b591dc34b8a93" kind="function"><name>Student</name></member>
    <member refid="class_student_1a790b1d543766311905e7ee674ecf9814" kind="function"><name>Student</name></member>
    <member refid="class_student_1a22139db1207705d1c5952ad34be02a56" kind="function"><name>id</name></member>
    <member refid="class_student_1abba5d240dcfdcdaf3a030e3e1c4ad1f6" kind="function"><name>setId</name></member>
    <member refid="class_student_1a81ff6e64d22222705e711198017302dc" kind="function"><name>fullName</name></member>
    <member refid="class_student_1a8a1081dec781bc05d6ef9b405cf7f897" kind="function"><name>setFullName</name></member>
    <member refid="class_student_1adab6f60fbc1aca5fca0e15cfc10baae5" kind="function"><name>grade</name></member>
    <member refid="class_student_1a9547c17d28385d164335384622218551" kind="function"><name>setGrade</name></member>
    <member refid="class_student_1a3d53d2fd4a6d02c99d1c3e1a210d5e23" kind="function"><name>toString</name></member>
    <member refid="class_student_1ac33bca171b60914efac613b4707ddb52" kind="signal"><name>idChanged</name></member>
    <member refid="class_student_1adca0fe864bc4b5d7bd4cec03664dfae4" kind="signal"><name>fullNameChanged</name></member>
    <member refid="class_student_1ad34bdd58648c0f16073b1e404fe6d180" kind="signal"><name>gradeChanged</name></member>
  </compound>
  <compound refid="class_subject" kind="class"><name>Subject</name>
    <member refid="class_subject_1a377b0647cc8da547c5cfc96aacad5b2f" kind="property"><name>id</name></member>
    <member refid="class_subject_1a816225e2744f102877f713f3123a6ba4" kind="property"><name>name</name></member>
    <member refid="class_subject_1af738e748c5d193e3d2f6dd1f2d00139d" kind="variable"><name>m_id</name></member>
    <member refid="class_subject_1ad933dc114658ef8b9aac38bdd1a87d15" kind="variable"><name>m_name</name></member>
    <member refid="class_subject_1ac78bedb24be6afb83b4fa334badc549b" kind="function"><name>Subject</name></member>
    <member refid="class_subject_1acc22fd470429efdd235dcbb3aa471f8c" kind="function"><name>Subject</name></member>
    <member refid="class_subject_1aec7b6aeecc6a877672c0e2e8bc5cb509" kind="function"><name>id</name></member>
    <member refid="class_subject_1aeed3ff26555b6c55cd306d0f8f7567c4" kind="function"><name>setId</name></member>
    <member refid="class_subject_1a60049a78b397f953a7fcee5e132eed21" kind="function"><name>name</name></member>
    <member refid="class_subject_1a166e4e70504f82b95571d97d794edf62" kind="function"><name>setName</name></member>
    <member refid="class_subject_1a0368881172dc34239ae6f39fd2e2e5fa" kind="function"><name>toString</name></member>
    <member refid="class_subject_1a73848aad44e35db48b41e6cf7c427154" kind="signal"><name>idChanged</name></member>
    <member refid="class_subject_1a3a8ec402a6d9dba40804eab265064c50" kind="signal"><name>nameChanged</name></member>
  </compound>
  <compound refid="class_teacher" kind="class"><name>Teacher</name>
    <member refid="class_teacher_1a11a47f241400b71e753b8149fc88d8dc" kind="property"><name>id</name></member>
    <member refid="class_teacher_1abb17edb440cd863575b2f1507930cd41" kind="property"><name>fullName</name></member>
    <member refid="class_teacher_1a36065081c65905de6a0f0a4a6a4a2665" kind="property"><name>department</name></member>
    <member refid="class_teacher_1a253864c42cb7de7d8a275f27d7ca6f14" kind="variable"><name>m_id</name></member>
    <member refid="class_teacher_1a8565e47f7c297093f3fd4fe59d8cf9c1" kind="variable"><name>m_fullName</name></member>
    <member refid="class_teacher_1a1caba094b54e3a0fba0c5a914108b976" kind="variable"><name>m_department</name></member>
    <member refid="class_teacher_1abf6951eae54db538295fc8ca31eb0e3f" kind="function"><name>Teacher</name></member>
    <member refid="class_teacher_1ad7cb6cd52f75550a810552977e9162c0" kind="function"><name>Teacher</name></member>
    <member refid="class_teacher_1ac827ca5b436a1b124314c4c7c77221ff" kind="function"><name>id</name></member>
    <member refid="class_teacher_1a656b4b4da06c184d438220b1bf6ec5da" kind="function"><name>setId</name></member>
    <member refid="class_teacher_1a735b44d3c801f55ffb8cecc64b5d0b59" kind="function"><name>fullName</name></member>
    <member refid="class_teacher_1a05c6f765e56bd761ee2faeae7c39af8f" kind="function"><name>setFullName</name></member>
    <member refid="class_teacher_1a0fe7ee1084c250c8757a7bdab3fa1f55" kind="function"><name>department</name></member>
    <member refid="class_teacher_1ab71128289f503af699cc0a8a1fa7c76b" kind="function"><name>setDepartment</name></member>
    <member refid="class_teacher_1ab37d0e399bc5077beb3c8db2cc8e66e7" kind="function"><name>toString</name></member>
    <member refid="class_teacher_1a0c4bb8d2fc0760611849f3be92107cde" kind="signal"><name>idChanged</name></member>
    <member refid="class_teacher_1a1bad6ac54875fb4e70c7db907e83eb03" kind="signal"><name>fullNameChanged</name></member>
    <member refid="class_teacher_1ae426f9e6a21e8532527523255269cce3" kind="signal"><name>departmentChanged</name></member>
  </compound>
  <compound refid="class_university_view_model" kind="class"><name>UniversityViewModel</name>
    <member refid="class_university_view_model_1aee257b94583aa33bca5b9466f1fc0f13" kind="property"><name>teachers</name></member>
    <member refid="class_university_view_model_1af0fcb1bc0b9d63016d67968660f8b6fe" kind="property"><name>students</name></member>
    <member refid="class_university_view_model_1a23268e3bd77bf02f47b107a560b8eb1f" kind="property"><name>subjects</name></member>
    <member refid="class_university_view_model_1ae2f05cabc7d523e1d8babb0256b020cc" kind="property"><name>totalRecords</name></member>
    <member refid="class_university_view_model_1a1198c2612b4c33f02d17ad5b62a161be" kind="property"><name>isConnected</name></member>
    <member refid="class_university_view_model_1ac75cd4ef4e5b2af21318c6215a606dc5" kind="variable"><name>m_dbManager</name></member>
    <member refid="class_university_view_model_1a27aeb88543535057640d3939159c0712" kind="variable"><name>m_teachers</name></member>
    <member refid="class_university_view_model_1a323c8bc2b453665c1c076f916926da6c" kind="variable"><name>m_students</name></member>
    <member refid="class_university_view_model_1a3cafd2ee7e6afb9790d935e9114732d6" kind="variable"><name>m_subjects</name></member>
    <member refid="class_university_view_model_1a2b7a43f6407fe80c61a32172aaf95efe" kind="function"><name>UniversityViewModel</name></member>
    <member refid="class_university_view_model_1a44faa8c8a4e9f016d0deb417ea14791b" kind="function"><name>~UniversityViewModel</name></member>
    <member refid="class_university_view_model_1a1a4ceecfe41cd1a3494b16eb02cf87a1" kind="function"><name>teachers</name></member>
    <member refid="class_university_view_model_1a67ceef4edf89f770638a9430c9339b09" kind="function"><name>students</name></member>
    <member refid="class_university_view_model_1a6c62af39a419b7ead5222d2ee89f1ea1" kind="function"><name>subjects</name></member>
    <member refid="class_university_view_model_1afcbb701373ac2005297956be48b553b1" kind="function"><name>totalRecords</name></member>
    <member refid="class_university_view_model_1a8742085f0a81f8b73e2e36fc0a66dc83" kind="function"><name>isConnected</name></member>
    <member refid="class_university_view_model_1a89c1c8896edbab53a69dc9681c2ae14b" kind="function"><name>addTeacher</name></member>
    <member refid="class_university_view_model_1ab05eeea75aa22665aaeb6b1997a8c687" kind="function"><name>addStudent</name></member>
    <member refid="class_university_view_model_1a6a693cc485e3d80a5c819f7bac5827b1" kind="function"><name>addSubject</name></member>
    <member refid="class_university_view_model_1ae5bd736d878445f3368e53e0e5d36d93" kind="function"><name>deleteTeacher</name></member>
    <member refid="class_university_view_model_1af29fe1a670045f9044889fe7dfd26fd7" kind="function"><name>deleteStudent</name></member>
    <member refid="class_university_view_model_1ac73a47dbc722fa61cfa22315c172e6b6" kind="function"><name>deleteSubject</name></member>
    <member refid="class_university_view_model_1a7d92f81f646515989c75b53af7559986" kind="function"><name>refresh</name></member>
    <member refid="class_university_view_model_1aff399499f7893b9e5e52bdafa989f8e4" kind="function"><name>connectToDatabase</name></member>
    <member refid="class_university_view_model_1a4f3547b679e2498565a1efaed619f0b1" kind="signal"><name>dataChanged</name></member>
    <member refid="class_university_view_model_1a2328cec94e18e9b1df54cb7bf42f228b" kind="signal"><name>connectionChanged</name></member>
    <member refid="class_university_view_model_1a2562a1c19cc5eeefd36ede3b52187a39" kind="signal"><name>errorOccurred</name></member>
    <member refid="class_university_view_model_1a97872ca05aebdabddba3c659272bd2d9" kind="function"><name>updateTeachers</name></member>
    <member refid="class_university_view_model_1a4b20de7be41976248f7d954a5a33104e" kind="function"><name>updateStudents</name></member>
    <member refid="class_university_view_model_1af07611e8e10c0ae03136744b512a5f4c" kind="function"><name>updateSubjects</name></member>
  </compound>
  <compound refid="namespacestd" kind="namespace"><name>std</name>
  </compound>
  <compound refid="_c_make_lists_8txt" kind="file"><name>CMakeLists.txt</name>
    <member refid="_c_make_lists_8txt_1a3fb6fd285087020ace1035c76db90243" kind="function"><name>cmake_minimum_required</name></member>
    <member refid="_c_make_lists_8txt_1a1d194965dcf7c6edaaf5e39a1780945d" kind="function"><name>if</name></member>
  </compound>
  <compound refid="main_8cpp" kind="file"><name>main.cpp</name>
    <member refid="main_8cpp_1a0ddf1224851353fc92bfbff6f499fa97" kind="function"><name>main</name></member>
  </compound>
  <compound refid="main_8qml" kind="file"><name>main.qml</name>
  </compound>
  <compound refid="_database_manager_8cpp" kind="file"><name>DatabaseManager.cpp</name>
  </compound>
  <compound refid="_database_manager_8h" kind="file"><name>DatabaseManager.h</name>
  </compound>
  <compound refid="_student_8cpp" kind="file"><name>Student.cpp</name>
  </compound>
  <compound refid="_student_8h" kind="file"><name>Student.h</name>
  </compound>
  <compound refid="_subject_8cpp" kind="file"><name>Subject.cpp</name>
  </compound>
  <compound refid="_subject_8h" kind="file"><name>Subject.h</name>
  </compound>
  <compound refid="_teacher_8cpp" kind="file"><name>Teacher.cpp</name>
  </compound>
  <compound refid="_teacher_8h" kind="file"><name>Teacher.h</name>
  </compound>
  <compound refid="_university_view_model_8cpp" kind="file"><name>UniversityViewModel.cpp</name>
  </compound>
  <compound refid="_university_view_model_8h" kind="file"><name>UniversityViewModel.h</name>
  </compound>
  <compound refid="dir_bdeba5f06b852fec80257c0bf4c3c36e" kind="dir"><name>src/models</name>
  </compound>
  <compound refid="dir_68267d1309a1af8e8297ef4c3efbcdba" kind="dir"><name>src</name>
  </compound>
  <compound refid="dir_00596377d40923a735e6869bcc6fcb02" kind="dir"><name>src/viewmodels</name>
  </compound>
  <compound refid="indexpage" kind="page"><name>index</name>
  </compound>
</doxygenindex>
