<?xml version='1.0' encoding='UTF-8' standalone='no'?>
<doxygen xmlns:xsi="http://www.w3.org/2001/XMLSchema-instance" xsi:noNamespaceSchemaLocation="compound.xsd" version="1.16.1" xml:lang="en-US">
  <compounddef id="main_8cpp" kind="file" language="C++">
    <compoundname>main.cpp</compoundname>
    <includes local="no">QApplication</includes>
    <includes local="no">QQmlApplicationEngine</includes>
    <includes local="no">QQmlContext</includes>
    <includes local="no">QDebug</includes>
    <includes refid="_university_view_model_8h" local="yes">src/viewmodels/UniversityViewModel.h</includes>
    <incdepgraph>
      <node id="1">
        <label>main.cpp</label>
        <link refid="main_8cpp"/>
        <childnode refid="2" relation="include">
        </childnode>
        <childnode refid="3" relation="include">
        </childnode>
        <childnode refid="4" relation="include">
        </childnode>
        <childnode refid="5" relation="include">
        </childnode>
        <childnode refid="6" relation="include">
        </childnode>
      </node>
      <node id="10">
        <label>../models/DatabaseManager.h</label>
        <link refid="_database_manager_8h"/>
        <childnode refid="7" relation="include">
        </childnode>
        <childnode refid="11" relation="include">
        </childnode>
        <childnode refid="12" relation="include">
        </childnode>
        <childnode refid="13" relation="include">
        </childnode>
        <childnode refid="14" relation="include">
        </childnode>
        <childnode refid="15" relation="include">
        </childnode>
        <childnode refid="16" relation="include">
        </childnode>
        <childnode refid="17" relation="include">
        </childnode>
      </node>
      <node id="16">
        <label>Student.h</label>
        <link refid="_student_8h"/>
        <childnode refid="7" relation="include">
        </childnode>
        <childnode refid="13" relation="include">
        </childnode>
      </node>
      <node id="17">
        <label>Subject.h</label>
        <link refid="_subject_8h"/>
        <childnode refid="7" relation="include">
        </childnode>
        <childnode refid="13" relation="include">
        </childnode>
      </node>
      <node id="15">
        <label>Teacher.h</label>
        <link refid="_teacher_8h"/>
        <childnode refid="7" relation="include">
        </childnode>
        <childnode refid="13" relation="include">
        </childnode>
      </node>
      <node id="6">
        <label>src/viewmodels/UniversityViewModel.h</label>
        <link refid="_university_view_model_8h"/>
        <childnode refid="7" relation="include">
        </childnode>
        <childnode refid="8" relation="include">
        </childnode>
        <childnode refid="9" relation="include">
        </childnode>
        <childnode refid="10" relation="include">
        </childnode>
        <childnode refid="15" relation="include">
        </childnode>
        <childnode refid="16" relation="include">
        </childnode>
        <childnode refid="17" relation="include">
        </childnode>
      </node>
      <node id="9">
        <label>QAbstractListModel</label>
      </node>
      <node id="2">
        <label>QApplication</label>
      </node>
      <node id="5">
        <label>QDebug</label>
      </node>
      <node id="14">
        <label>QList</label>
      </node>
      <node id="7">
        <label>QObject</label>
      </node>
      <node id="3">
        <label>QQmlApplicationEngine</label>
      </node>
      <node id="4">
        <label>QQmlContext</label>
      </node>
      <node id="11">
        <label>QSqlDatabase</label>
      </node>
      <node id="12">
        <label>QSqlQuery</label>
      </node>
      <node id="13">
        <label>QString</label>
      </node>
      <node id="8">
        <label>QStringList</label>
      </node>
    </incdepgraph>
    <sectiondef kind="func">
      <memberdef kind="function" id="main_8cpp_1a0ddf1224851353fc92bfbff6f499fa97" prot="public" static="no" const="no" explicit="no" inline="no" virt="non-virtual">
        <type>int</type>
        <definition>int main</definition>
        <argsstring>(int argc, char *argv[])</argsstring>
        <name>main</name>
        <param>
          <type>int</type>
          <declname>argc</declname>
        </param>
        <param>
          <type>char *</type>
          <declname>argv</declname>
          <array>[]</array>
        </param>
        <briefdescription>
<para>Точка входа в приложение University Database. </para>
        </briefdescription>
        <detaileddescription>
<para><parameterlist kind="param"><parameteritem>
<parameternamelist>
<parametername>argc</parametername>
</parameternamelist>
<parameterdescription>
<para>Количество аргументов командной строки </para>
</parameterdescription>
</parameteritem>
<parameteritem>
<parameternamelist>
<parametername>argv</parametername>
</parameternamelist>
<parameterdescription>
<para>Массив аргументов командной строки </para>
</parameterdescription>
</parameteritem>
</parameterlist>
<simplesect kind="return"><para>int Код завершения приложения:<itemizedlist>
<listitem><para>0: Успешное завершение</para>
</listitem><listitem><para>-1: Ошибка загрузки QML интерфейса</para>
</listitem></itemizedlist>
</para>
</simplesect>
Выполняет инициализацию приложения:<orderedlist>
<listitem><para>Создает объект QApplication</para>
</listitem><listitem><para>Регистрирует типы для QML</para>
</listitem><listitem><para>Создает ViewModel</para>
</listitem><listitem><para>Регистрирует ViewModel в QML контексте</para>
</listitem><listitem><para>Загружает QML интерфейс</para>
</listitem><listitem><para>Запускает главный цикл приложения</para>
</listitem></orderedlist>
</para>
<para><simplesect kind="note"><para>Для корректной работы требуется:<itemizedlist>
<listitem><para>Установленный PostgreSQL</para>
</listitem><listitem><para>База данных &quot;university&quot;</para>
</listitem><listitem><para>Таблицы teachers, students, subjects </para>
</listitem></itemizedlist>
</para>
</simplesect>
</para>
        </detaileddescription>
        <inbodydescription>
        </inbodydescription>
        <location file="main.cpp" line="53" column="5" bodyfile="main.cpp" bodystart="53" bodyend="80"/>
      </memberdef>
    </sectiondef>
    <briefdescription>
<para>Главный файл приложения University Database Management System. </para>
    </briefdescription>
    <detaileddescription>
    </detaileddescription>
    <programlisting>
<codeline lineno="1"><highlight class="normal"></highlight></codeline>
<codeline lineno="23"><highlight class="normal"></highlight></codeline>
<codeline lineno="24"><highlight class="normal"></highlight><highlight class="preprocessor">#include<sp/>&lt;QApplication&gt;</highlight><highlight class="normal"></highlight></codeline>
<codeline lineno="25"><highlight class="normal"></highlight><highlight class="preprocessor">#include<sp/>&lt;QQmlApplicationEngine&gt;</highlight><highlight class="normal"></highlight></codeline>
<codeline lineno="26"><highlight class="normal"></highlight><highlight class="preprocessor">#include<sp/>&lt;QQmlContext&gt;</highlight><highlight class="normal"></highlight></codeline>
<codeline lineno="27"><highlight class="normal"></highlight><highlight class="preprocessor">#include<sp/>&lt;QDebug&gt;</highlight><highlight class="normal"></highlight></codeline>
<codeline lineno="28"><highlight class="normal"></highlight></codeline>
<codeline lineno="29"><highlight class="normal"></highlight><highlight class="preprocessor">#include<sp/>&quot;<ref refid="_university_view_model_8h" kindref="compound">src/viewmodels/UniversityViewModel.h</ref>&quot;</highlight><highlight class="normal"></highlight></codeline>
<codeline lineno="30"><highlight class="normal"></highlight></codeline>
<codeline lineno="53"><highlight class="normal"></highlight><highlight class="keywordtype">int</highlight><highlight class="normal"><sp/><ref refid="main_8cpp_1a0ddf1224851353fc92bfbff6f499fa97" kindref="member">main</ref>(</highlight><highlight class="keywordtype">int</highlight><highlight class="normal"><sp/>argc,<sp/></highlight><highlight class="keywordtype">char</highlight><highlight class="normal"><sp/>*argv[])</highlight></codeline>
<codeline lineno="54"><highlight class="normal">{</highlight></codeline>
<codeline lineno="55"><highlight class="normal"><sp/><sp/><sp/><sp/></highlight><highlight class="comment">//<sp/>Инициализация<sp/>Qt<sp/>приложения</highlight><highlight class="normal"></highlight></codeline>
<codeline lineno="56"><highlight class="normal"><sp/><sp/><sp/><sp/>QApplication<sp/>app(argc,<sp/>argv);</highlight></codeline>
<codeline lineno="57"><highlight class="normal"><sp/><sp/><sp/><sp/></highlight></codeline>
<codeline lineno="58"><highlight class="normal"><sp/><sp/><sp/><sp/></highlight><highlight class="comment">//<sp/>Регистрируем<sp/>типы<sp/>для<sp/>QML</highlight><highlight class="normal"></highlight></codeline>
<codeline lineno="59"><highlight class="normal"><sp/><sp/><sp/><sp/>qmlRegisterType&lt;UniversityViewModel&gt;(</highlight><highlight class="stringliteral">&quot;UniversityDB&quot;</highlight><highlight class="normal">,<sp/>1,<sp/>0,<sp/></highlight><highlight class="stringliteral">&quot;UniversityViewModel&quot;</highlight><highlight class="normal">);</highlight></codeline>
<codeline lineno="60"><highlight class="normal"><sp/><sp/><sp/><sp/></highlight></codeline>
<codeline lineno="61"><highlight class="normal"><sp/><sp/><sp/><sp/></highlight><highlight class="comment">//<sp/>Создаем<sp/>ViewModel</highlight><highlight class="normal"></highlight></codeline>
<codeline lineno="62"><highlight class="normal"><sp/><sp/><sp/><sp/><ref refid="class_university_view_model" kindref="compound">UniversityViewModel</ref><sp/>viewModel;</highlight></codeline>
<codeline lineno="63"><highlight class="normal"><sp/><sp/><sp/><sp/></highlight></codeline>
<codeline lineno="64"><highlight class="normal"><sp/><sp/><sp/><sp/></highlight><highlight class="comment">//<sp/>Создаем<sp/>QML<sp/>движок</highlight><highlight class="normal"></highlight></codeline>
<codeline lineno="65"><highlight class="normal"><sp/><sp/><sp/><sp/>QQmlApplicationEngine<sp/>engine;</highlight></codeline>
<codeline lineno="66"><highlight class="normal"><sp/><sp/><sp/><sp/></highlight></codeline>
<codeline lineno="67"><highlight class="normal"><sp/><sp/><sp/><sp/></highlight><highlight class="comment">//<sp/>Регистрируем<sp/>объект<sp/>ViewModel<sp/>в<sp/>QML</highlight><highlight class="normal"></highlight></codeline>
<codeline lineno="68"><highlight class="normal"><sp/><sp/><sp/><sp/>engine.rootContext()-&gt;setContextProperty(</highlight><highlight class="stringliteral">&quot;viewModel&quot;</highlight><highlight class="normal">,<sp/>&amp;viewModel);</highlight></codeline>
<codeline lineno="69"><highlight class="normal"><sp/><sp/><sp/><sp/></highlight></codeline>
<codeline lineno="70"><highlight class="normal"><sp/><sp/><sp/><sp/></highlight><highlight class="comment">//<sp/>Загружаем<sp/>QML<sp/>файл</highlight><highlight class="normal"></highlight></codeline>
<codeline lineno="71"><highlight class="normal"><sp/><sp/><sp/><sp/>engine.load(QUrl::fromLocalFile(</highlight><highlight class="stringliteral">&quot;main.qml&quot;</highlight><highlight class="normal">));</highlight></codeline>
<codeline lineno="72"><highlight class="normal"><sp/><sp/><sp/><sp/></highlight></codeline>
<codeline lineno="73"><highlight class="normal"><sp/><sp/><sp/><sp/></highlight><highlight class="keywordflow">if</highlight><highlight class="normal"><sp/>(engine.rootObjects().isEmpty())<sp/>{</highlight></codeline>
<codeline lineno="74"><highlight class="normal"><sp/><sp/><sp/><sp/><sp/><sp/><sp/><sp/>qCritical()<sp/>&lt;&lt;<sp/></highlight><highlight class="stringliteral">&quot;❌<sp/>Не<sp/>удалось<sp/>загрузить<sp/>QML<sp/>интерфейс!&quot;</highlight><highlight class="normal">;</highlight></codeline>
<codeline lineno="75"><highlight class="normal"><sp/><sp/><sp/><sp/><sp/><sp/><sp/><sp/></highlight><highlight class="keywordflow">return</highlight><highlight class="normal"><sp/>-1;</highlight></codeline>
<codeline lineno="76"><highlight class="normal"><sp/><sp/><sp/><sp/>}</highlight></codeline>
<codeline lineno="77"><highlight class="normal"><sp/><sp/><sp/><sp/></highlight></codeline>
<codeline lineno="78"><highlight class="normal"><sp/><sp/><sp/><sp/>qDebug()<sp/>&lt;&lt;<sp/></highlight><highlight class="stringliteral">&quot;✅<sp/>Приложение<sp/>запущено<sp/>успешно!&quot;</highlight><highlight class="normal">;</highlight></codeline>
<codeline lineno="79"><highlight class="normal"><sp/><sp/><sp/><sp/></highlight><highlight class="keywordflow">return</highlight><highlight class="normal"><sp/>app.exec();</highlight></codeline>
<codeline lineno="80"><highlight class="normal">}</highlight></codeline>
    </programlisting>
    <location file="main.cpp"/>
  </compounddef>
</doxygen>
